image_id,user_id,timestamp,image_path,plate_diameter_cm
IMG_00001,USER_101,2026-07-13 00:17:00,data/images/duck.png,26.9
IMG_00002,USER_102,2026-07-27 07:29:00,data/images/temp_20260806_081057_duck.png,25.8
IMG_00003,USER_103,2026-07-22 22:35:00,data/images/duck.jpg,27.1
IMG_00004,USER_104,2026-07-15 13:41:00,data/images/temp_20260806_081057_duck.jpg,27.5
IMG_00005,USER_105,2026-07-13 11:52:00,data/images/French-fries-b9e3e0c.png,26.6
IMG_00006,USER_106,2026-07-20 16:57:00,data/images/temp_20260806_082406_strawberry-juice-recipe.png,25.9
IMG_00007,USER_107,2026-07-30 18:12:00,data/images/temp_20260805_202346_meal_06.png,24.6
IMG_00008,USER_108,2026-08-06 13:05:00,data/images/Cucumber-Salad-with-Vinegar-Dressing-2688-scaled.jpg,27.5
IMG_00009,USER_109,2026-07-30 00:43:00,data/images/temp_20260805_202346_meal_07.png,26.7
IMG_00010,USER_110,2026-08-03 10:05:00,data/images/temp_20260805_203011_carrot2.png,24.8
IMG_00011,USER_111,2026-07-18 18:36:00,data/images/temp_20260806_095050_burger.png,24.1
IMG_00012,USER_112,2026-07-24 01:44:00,data/images/temp_20260805_202454_healthy_food.png,26.9
IMG_00013,USER_113,2026-08-06 09:16:00,data/images/temp_20260806_145135_beef_noodle.png,26.2
IMG_00014,USER_114,2026-07-28 08:37:00,data/images/temp_20260806_113924_carrot2.png,27.1
IMG_00015,USER_115,2026-07-28 09:14:00,data/images/temp_20260805_195133_hong-kong-macaroni-soup-f3.png,24.4
IMG_00016,USER_116,2026-08-02 07:18:00,data/images/Macaroni-Thumbnail-Blog.png,26.4
IMG_00017,USER_117,2026-07-09 13:43:00,data/images/temp_20260806_082406_fresh-orange-juice-recipe.png,24.6
IMG_00018,USER_118,2026-07-22 11:46:00,data/images/temp_20260805_201854_basmati-rice-recipe.png,27.7
IMG_00019,USER_119,2026-07-13 04:35:00,data/images/temp_20260806_082432_fresh-orange-juice-recipe.png,24.6
IMG_00020,USER_120,2026-07-15 21:10:00,data/images/noodle.png,24.2
IMG_00021,USER_121,2026-07-12 05:38:00,data/images/Coconut-chicken-rice-bowl-–-basmati-rice-–-3-4-038-1540x870-PNG-1.jpg,27.9
IMG_00022,USER_122,2026-07-30 16:50:00,data/images/temp_20260806_081534_healthy-chopped-vegetable-salad-recipe-4.png,24.9
IMG_00023,USER_123,2026-07-24 05:04:00,data/images/temp_20260806_081856_fruit-salad-dressing.png,27.7
IMG_00024,USER_124,2026-07-20 17:13:00,data/images/temp_20260806_081856_tropical-fruit-salad.png,25.9
IMG_00025,USER_125,2026-07-26 09:26:00,data/images/temp_20260805_201944_Cheeseburger.png,26.0
IMG_00026,USER_126,2026-07-23 23:33:00,data/images/temp_20260806_082256_juice.png,25.9
IMG_00027,USER_127,2026-07-24 19:48:00,data/images/temp_20260806_081534_salad_11.png,27.5
IMG_00028,USER_128,2026-07-29 03:48:00,data/images/temp_20260806_081754_tropical-fruit-salad.png,27.9
IMG_00029,USER_129,2026-07-11 18:24:00,data/images/temp_20260806_081754_fruit-salad-dressing.png,25.2
IMG_00030,USER_130,2026-07-24 10:47:00,data/images/temp_20260806_103710_burger_1.png,26.4
IMG_00031,USER_131,2026-08-05 22:21:00,data/images/creamy-mac-n-cheese.jpg,26.1
IMG_00032,USER_132,2026-07-20 21:48:00,data/images/temp_20260805_202016_basmati-rice-recipe.png,24.3
IMG_00033,USER_133,2026-08-01 00:42:00,data/images/temp_20260806_082405_mango-juice.png,27.0
IMG_00034,USER_134,2026-07-15 21:57:00,data/images/Greek-cucumber-salad-3.png,26.8
IMG_00035,USER_135,2026-07-07 21:11:00,data/images/temp_20260806_080903_noodle.png,25.1
IMG_00036,USER_136,2026-07-23 07:59:00,data/images/Masala-Macroni-5.png,25.3
IMG_00037,USER_137,2026-07-10 20:25:00,data/images/temp_20260806_145200_beef_noodle.png,26.2
IMG_00038,USER_138,2026-07-20 14:32:00,data/images/temp_20260806_081856_Fruit-Salad-10.png,24.8
IMG_00039,USER_139,2026-07-19 13:25:00,data/images/temp_20260805_202329_meal_06.png,27.9
IMG_00040,USER_140,2026-07-12 09:35:00,data/images/temp_20260806_082432_strawberry-juice-recipe.png,27.8
IMG_00041,USER_141,2026-08-04 09:47:00,data/images/temp_20260805_202329_meal_07.png,27.7
IMG_00042,USER_142,2026-07-14 19:44:00,data/images/temp_20260805_203010_carrot.png,24.2
IMG_00043,USER_143,2026-07-11 20:01:00,data/images/temp_20260806_081242_Cheeseburger.png,26.3
IMG_00044,USER_144,2026-08-03 10:35:00,data/images/temp_20260805_202016_creamy-mac-n-cheese.jpg,25.6
IMG_00045,USER_145,2026-07-20 07:22:00,data/images/temp_20260806_145200_Cheeseburger.png,25.3
IMG_00046,USER_146,2026-07-23 00:04:00,data/images/temp_20260805_202357_meal_06.png,26.9
IMG_00047,USER_147,2026-07-17 07:06:00,data/images/temp_20260805_202357_meal_07.png,24.1
IMG_00048,USER_148,2026-07-21 22:04:00,data/images/temp_20260806_080848_noodle_3.png,25.4
IMG_00049,USER_149,2026-07-24 10:17:00,data/images/temp_20260805_195104_banane-apfel-was-gesuender.png,24.1
IMG_00050,USER_100,2026-07-12 20:54:00,data/images/temp_20260806_103801_burger_1.png,25.6
IMG_00051,USER_101,2026-07-17 12:57:00,data/images/temp_20260806_082156_caramel-coffee-milk-shake-1.png,26.3
IMG_00052,USER_102,2026-08-02 19:04:00,data/images/temp_20260806_081534_nRainbow-Veggie-Salad-9921.jpg,25.0
IMG_00053,USER_103,2026-07-07 19:12:00,data/images/temp_20260806_081057_noodle.png,27.4
IMG_00054,USER_104,2026-07-08 18:24:00,data/images/rice.png,25.8
IMG_00055,USER_105,2026-07-12 09:02:00,data/images/temp_20260806_094839_burger.png,26.1
IMG_00056,USER_106,2026-07-20 07:40:00,data/images/temp_20260805_201944_basmati-rice-recipe.png,24.0
IMG_00057,USER_107,2026-07-09 03:13:00,data/images/IMG_20260804_134457.jpg,26.2
IMG_00058,USER_108,2026-07-14 18:41:00,data/images/temp_20260806_105639_burger.png,26.3
IMG_00059,USER_109,2026-07-08 01:00:00,data/images/temp_20260806_082432_mango-juice.png,26.1
IMG_00060,USER_110,2026-07-26 20:09:00,data/images/temp_20260806_081241_beef_noodle.png,26.4
IMG_00061,USER_111,2026-07-31 04:58:00,data/images/temp_20260806_082431_juice.png,26.2
IMG_00062,USER_112,2026-07-31 02:18:00,data/images/temp_20260805_202454_meal_06.png,26.9
IMG_00063,USER_113,2026-07-18 13:49:00,data/images/temp_20260806_081057_chicken.png,24.2
IMG_00064,USER_114,2026-08-02 20:28:00,data/images/cucumber.png,28.0
IMG_00065,USER_115,2026-08-01 09:51:00,data/images/temp_20260806_103802_carrot.png,26.4
IMG_00066,USER_116,2026-07-17 21:19:00,data/images/temp_20260805_202454_meal_07.png,26.2
IMG_00067,USER_117,2026-07-10 04:53:00,data/images/temp_20260806_081241_burger.png,25.4
IMG_00068,USER_118,2026-07-10 13:33:00,data/images/healthy_food.png,26.4
IMG_00069,USER_119,2026-07-11 00:25:00,data/images/IMG_20260806_104355.jpg,26.2
IMG_00070,USER_120,2026-07-17 03:17:00,data/images/meal_07.png,24.9
IMG_00071,USER_121,2026-07-24 01:37:00,data/images/temp_20260805_195132_banane-apfel-was-gesuender.png,25.5
IMG_00072,USER_122,2026-07-10 14:39:00,data/images/temp_20260806_122634_creamy-mac-n-cheese.jpg,25.0
IMG_00073,USER_123,2026-08-02 20:59:00,data/images/temp_20260806_080834_noodle_3.png,27.1
IMG_00074,USER_124,2026-07-15 12:40:00,data/images/temp_20260806_094826_banane-apfel-was-gesuender.png,25.5
IMG_00075,USER_125,2026-07-31 18:31:00,data/images/temp_20260805_202004_basmati-rice-recipe.png,24.7
IMG_00076,USER_126,2026-07-21 02:12:00,data/images/temp_20260806_082405_juice.png,24.7
IMG_00077,USER_127,2026-07-15 14:52:00,data/images/banane-apfel-was-gesuender.png,24.8
IMG_00078,USER_128,2026-07-23 20:50:00,data/images/temp_20260806_114101_Cheeseburger.png,25.2
IMG_00079,USER_129,2026-08-06 07:10:00,data/images/temp_20260806_094839_banane-apfel-was-gesuender.png,24.8
IMG_00080,USER_130,2026-07-23 00:29:00,data/images/temp_20260806_082256_mango-juice.png,26.1
IMG_00081,USER_131,2026-07-18 09:15:00,data/images/duck.png,26.4
IMG_00082,USER_132,2026-07-30 07:42:00,data/images/temp_20260806_081057_duck.png,25.4
IMG_00083,USER_133,2026-07-24 21:41:00,data/images/duck.jpg,24.5
IMG_00084,USER_134,2026-07-26 00:04:00,data/images/temp_20260806_081057_duck.jpg,25.0
IMG_00085,USER_135,2026-07-17 16:01:00,data/images/French-fries-b9e3e0c.png,25.6
IMG_00086,USER_136,2026-07-13 18:02:00,data/images/temp_20260806_082406_strawberry-juice-recipe.png,25.8
IMG_00087,USER_137,2026-08-03 12:34:00,data/images/temp_20260805_202346_meal_06.png,28.0
IMG_00088,USER_138,2026-08-05 07:40:00,data/images/Cucumber-Salad-with-Vinegar-Dressing-2688-scaled.jpg,24.7
IMG_00089,USER_139,2026-08-03 01:29:00,data/images/temp_20260805_202346_meal_07.png,26.9
IMG_00090,USER_140,2026-07-10 22:11:00,data/images/temp_20260805_203011_carrot2.png,26.1
IMG_00091,USER_141,2026-07-15 08:22:00,data/images/temp_20260806_095050_burger.png,27.1
IMG_00092,USER_142,2026-08-02 14:28:00,data/images/temp_20260805_202454_healthy_food.png,26.9
IMG_00093,USER_143,2026-07-21 16:12:00,data/images/temp_20260806_145135_beef_noodle.png,25.4
IMG_00094,USER_144,2026-08-01 11:13:00,data/images/temp_20260806_113924_carrot2.png,24.0
IMG_00095,USER_145,2026-08-02 01:28:00,data/images/temp_20260805_195133_hong-kong-macaroni-soup-f3.png,25.4
IMG_00096,USER_146,2026-07-29 17:31:00,data/images/Macaroni-Thumbnail-Blog.png,24.0
IMG_00097,USER_147,2026-07-20 18:04:00,data/images/temp_20260806_082406_fresh-orange-juice-recipe.png,27.5
IMG_00098,USER_148,2026-07-18 22:47:00,data/images/temp_20260805_201854_basmati-rice-recipe.png,27.8
IMG_00099,USER_149,2026-07-24 09:16:00,data/images/temp_20260806_082432_fresh-orange-juice-recipe.png,24.7
IMG_00100,USER_100,2026-08-01 17:10:00,data/images/noodle.png,25.8
IMG_00101,USER_101,2026-08-05 20:29:00,data/images/Coconut-chicken-rice-bowl-–-basmati-rice-–-3-4-038-1540x870-PNG-1.jpg,24.9
IMG_00102,USER_102,2026-07-28 09:37:00,data/images/temp_20260806_081534_healthy-chopped-vegetable-salad-recipe-4.png,25.4
IMG_00103,USER_103,2026-08-02 11:01:00,data/images/temp_20260806_081856_fruit-salad-dressing.png,26.5
IMG_00104,USER_104,2026-08-06 12:03:00,data/images/temp_20260806_081856_tropical-fruit-salad.png,27.9
IMG_00105,USER_105,2026-08-02 09:24:00,data/images/temp_20260805_201944_Cheeseburger.png,24.9
IMG_00106,USER_106,2026-07-12 18:17:00,data/images/temp_20260806_082256_juice.png,26.7
IMG_00107,USER_107,2026-07-26 03:18:00,data/images/temp_20260806_081534_salad_11.png,26.8
IMG_00108,USER_108,2026-07-17 06:59:00,data/images/temp_20260806_081754_tropical-fruit-salad.png,24.5
IMG_00109,USER_109,2026-07-18 17:25:00,data/images/temp_20260806_081754_fruit-salad-dressing.png,26.9
IMG_00110,USER_110,2026-07-31 13:10:00,data/images/temp_20260806_103710_burger_1.png,24.5
IMG_00111,USER_111,2026-07-19 23:07:00,data/images/creamy-mac-n-cheese.jpg,26.9
IMG_00112,USER_112,2026-07-13 18:25:00,data/images/temp_20260805_202016_basmati-rice-recipe.png,24.9
IMG_00113,USER_113,2026-07-29 08:42:00,data/images/temp_20260806_082405_mango-juice.png,26.9
IMG_00114,USER_114,2026-07-08 09:09:00,data/images/Greek-cucumber-salad-3.png,26.5
IMG_00115,USER_115,2026-07-20 13:27:00,data/images/temp_20260806_080903_noodle.png,26.9
IMG_00116,USER_116,2026-07-22 10:57:00,data/images/Masala-Macroni-5.png,24.1
IMG_00117,USER_117,2026-08-02 17:19:00,data/images/temp_20260806_145200_beef_noodle.png,26.5
IMG_00118,USER_118,2026-07-19 06:53:00,data/images/temp_20260806_081856_Fruit-Salad-10.png,25.4
IMG_00119,USER_119,2026-07-30 11:29:00,data/images/temp_20260805_202329_meal_06.png,27.4
IMG_00120,USER_120,2026-07-24 08:12:00,data/images/temp_20260806_082432_strawberry-juice-recipe.png,24.3
IMG_00121,USER_121,2026-07-10 22:03:00,data/images/temp_20260805_202329_meal_07.png,26.3
IMG_00122,USER_122,2026-07-29 15:45:00,data/images/temp_20260805_203010_carrot.png,26.4
IMG_00123,USER_123,2026-07-13 01:33:00,data/images/temp_20260806_081242_Cheeseburger.png,26.3
IMG_00124,USER_124,2026-07-18 03:29:00,data/images/temp_20260805_202016_creamy-mac-n-cheese.jpg,26.1
IMG_00125,USER_125,2026-07-10 01:19:00,data/images/temp_20260806_145200_Cheeseburger.png,24.3
IMG_00126,USER_126,2026-07-23 10:56:00,data/images/temp_20260805_202357_meal_06.png,26.0
IMG_00127,USER_127,2026-08-02 16:29:00,data/images/temp_20260805_202357_meal_07.png,24.1
IMG_00128,USER_128,2026-08-01 19:27:00,data/images/temp_20260806_080848_noodle_3.png,26.5
IMG_00129,USER_129,2026-08-03 10:12:00,data/images/temp_20260805_195104_banane-apfel-was-gesuender.png,24.2
IMG_00130,USER_130,2026-08-01 22:17:00,data/images/temp_20260806_103801_burger_1.png,26.4
IMG_00131,USER_131,2026-08-04 17:11:00,data/images/temp_20260806_082156_caramel-coffee-milk-shake-1.png,27.2
IMG_00132,USER_132,2026-07-17 08:59:00,data/images/temp_20260806_081534_nRainbow-Veggie-Salad-9921.jpg,26.4
IMG_00133,USER_133,2026-07-11 14:49:00,data/images/temp_20260806_081057_noodle.png,25.2
IMG_00134,USER_134,2026-08-05 11:13:00,data/images/rice.png,25.4
IMG_00135,USER_135,2026-08-01 01:33:00,data/images/temp_20260806_094839_burger.png,26.1
IMG_00136,USER_136,2026-07-16 02:53:00,data/images/temp_20260805_201944_basmati-rice-recipe.png,24.8
IMG_00137,USER_137,2026-08-03 21:00:00,data/images/IMG_20260804_134457.jpg,26.4
IMG_00138,USER_138,2026-07-20 20:54:00,data/images/temp_20260806_105639_burger.png,26.6
IMG_00139,USER_139,2026-07-10 11:56:00,data/images/temp_20260806_082432_mango-juice.png,25.0
IMG_00140,USER_140,2026-07-13 07:47:00,data/images/temp_20260806_081241_beef_noodle.png,27.1
IMG_00141,USER_141,2026-08-04 23:18:00,data/images/temp_20260806_082431_juice.png,27.5
IMG_00142,USER_142,2026-07-14 09:53:00,data/images/temp_20260805_202454_meal_06.png,24.2
IMG_00143,USER_143,2026-07-22 21:11:00,data/images/temp_20260806_081057_chicken.png,25.9
IMG_00144,USER_144,2026-07-30 09:47:00,data/images/cucumber.png,26.5
IMG_00145,USER_145,2026-07-28 17:08:00,data/images/temp_20260806_103802_carrot.png,25.1
IMG_00146,USER_146,2026-07-16 08:49:00,data/images/temp_20260805_202454_meal_07.png,26.3
IMG_00147,USER_147,2026-07-31 10:48:00,data/images/temp_20260806_081241_burger.png,26.2
IMG_00148,USER_148,2026-08-06 14:15:00,data/images/healthy_food.png,25.4
IMG_00149,USER_149,2026-07-19 11:44:00,data/images/IMG_20260806_104355.jpg,26.5
IMG_00150,USER_100,2026-07-07 20:33:00,data/images/meal_07.png,25.3
IMG_00151,USER_101,2026-07-28 19:40:00,data/images/temp_20260805_195132_banane-apfel-was-gesuender.png,26.1
IMG_00152,USER_102,2026-07-13 02:01:00,data/images/temp_20260806_122634_creamy-mac-n-cheese.jpg,25.6
IMG_00153,USER_103,2026-07-20 21:32:00,data/images/temp_20260806_080834_noodle_3.png,24.4
IMG_00154,USER_104,2026-07-10 23:34:00,data/images/temp_20260806_094826_banane-apfel-was-gesuender.png,25.6
IMG_00155,USER_105,2026-07-14 05:28:00,data/images/temp_20260805_202004_basmati-rice-recipe.png,25.9
IMG_00156,USER_106,2026-07-11 00:27:00,data/images/temp_20260806_082405_juice.png,25.0
IMG_00157,USER_107,2026-07-10 12:55:00,data/images/banane-apfel-was-gesuender.png,27.6
IMG_00158,USER_108,2026-08-04 11:06:00,data/images/temp_20260806_114101_Cheeseburger.png,24.4
IMG_00159,USER_109,2026-07-14 23:57:00,data/images/temp_20260806_094839_banane-apfel-was-gesuender.png,27.5
IMG_00160,USER_110,2026-07-30 04:15:00,data/images/temp_20260806_082256_mango-juice.png,24.4
IMG_00161,USER_111,2026-07-20 18:20:00,data/images/duck.png,26.1
IMG_00162,USER_112,2026-07-08 05:41:00,data/images/temp_20260806_081057_duck.png,26.8
IMG_00163,USER_113,2026-08-01 18:30:00,data/images/duck.jpg,27.8
IMG_00164,USER_114,2026-08-06 01:13:00,data/images/temp_20260806_081057_duck.jpg,27.5
IMG_00165,USER_115,2026-07-25 16:42:00,data/images/French-fries-b9e3e0c.png,25.0
IMG_00166,USER_116,2026-07-27 20:40:00,data/images/temp_20260806_082406_strawberry-juice-recipe.png,25.8
IMG_00167,USER_117,2026-07-15 00:37:00,data/images/temp_20260805_202346_meal_06.png,24.5
IMG_00168,USER_118,2026-08-04 09:11:00,data/images/Cucumber-Salad-with-Vinegar-Dressing-2688-scaled.jpg,27.4
IMG_00169,USER_119,2026-07-24 13:53:00,data/images/temp_20260805_202346_meal_07.png,26.4
IMG_00170,USER_120,2026-08-02 12:13:00,data/images/temp_20260805_203011_carrot2.png,26.9
IMG_00171,USER_121,2026-07-26 13:43:00,data/images/temp_20260806_095050_burger.png,26.6
IMG_00172,USER_122,2026-07-11 06:56:00,data/images/temp_20260805_202454_healthy_food.png,24.1
IMG_00173,USER_123,2026-07-18 00:48:00,data/images/temp_20260806_145135_beef_noodle.png,25.8
IMG_00174,USER_124,2026-07-22 15:07:00,data/images/temp_20260806_113924_carrot2.png,25.1
IMG_00175,USER_125,2026-07-28 09:04:00,data/images/temp_20260805_195133_hong-kong-macaroni-soup-f3.png,27.6
IMG_00176,USER_126,2026-07-24 06:36:00,data/images/Macaroni-Thumbnail-Blog.png,25.9
IMG_00177,USER_127,2026-07-14 11:08:00,data/images/temp_20260806_082406_fresh-orange-juice-recipe.png,25.4
IMG_00178,USER_128,2026-07-12 03:40:00,data/images/temp_20260805_201854_basmati-rice-recipe.png,27.0
IMG_00179,USER_129,2026-07-21 02:47:00,data/images/temp_20260806_082432_fresh-orange-juice-recipe.png,27.8
IMG_00180,USER_130,2026-07-23 19:00:00,data/images/noodle.png,26.2
IMG_00181,USER_131,2026-07-19 07:49:00,data/images/Coconut-chicken-rice-bowl-–-basmati-rice-–-3-4-038-1540x870-PNG-1.jpg,27.9
IMG_00182,USER_132,2026-07-07 21:42:00,data/images/temp_20260806_081534_healthy-chopped-vegetable-salad-recipe-4.png,25.5
IMG_00183,USER_133,2026-07-09 10:08:00,data/images/temp_20260806_081856_fruit-salad-dressing.png,25.9
IMG_00184,USER_134,2026-07-08 02:36:00,data/images/temp_20260806_081856_tropical-fruit-salad.png,26.2
IMG_00185,USER_135,2026-08-04 21:52:00,data/images/temp_20260805_201944_Cheeseburger.png,27.1
IMG_00186,USER_136,2026-07-30 07:42:00,data/images/temp_20260806_082256_juice.png,24.2
IMG_00187,USER_137,2026-07-19 20:46:00,data/images/temp_20260806_081534_salad_11.png,24.1
IMG_00188,USER_138,2026-07-28 18:10:00,data/images/temp_20260806_081754_tropical-fruit-salad.png,26.1
IMG_00189,USER_139,2026-07-16 15:54:00,data/images/temp_20260806_081754_fruit-salad-dressing.png,26.4
IMG_00190,USER_140,2026-07-08 16:37:00,data/images/temp_20260806_103710_burger_1.png,26.1
IMG_00191,USER_141,2026-07-14 10:19:00,data/images/creamy-mac-n-cheese.jpg,27.4
IMG_00192,USER_142,2026-08-02 10:24:00,data/images/temp_20260805_202016_basmati-rice-recipe.png,25.6
IMG_00193,USER_143,2026-07-19 02:33:00,data/images/temp_20260806_082405_mango-juice.png,26.6
IMG_00194,USER_144,2026-08-03 19:25:00,data/images/Greek-cucumber-salad-3.png,24.9
IMG_00195,USER_145,2026-07-25 09:33:00,data/images/temp_20260806_080903_noodle.png,25.9
IMG_00196,USER_146,2026-07-11 02:06:00,data/images/Masala-Macroni-5.png,24.3
IMG_00197,USER_147,2026-07-17 14:37:00,data/images/temp_20260806_145200_beef_noodle.png,27.2
IMG_00198,USER_148,2026-08-04 20:11:00,data/images/temp_20260806_081856_Fruit-Salad-10.png,27.7
IMG_00199,USER_149,2026-08-04 21:38:00,data/images/temp_20260805_202329_meal_06.png,25.7
IMG_00200,USER_100,2026-08-02 01:46:00,data/images/temp_20260806_082432_strawberry-juice-recipe.png,28.0
IMG_00201,USER_101,2026-07-26 13:51:00,data/images/temp_20260805_202329_meal_07.png,27.0
IMG_00202,USER_102,2026-08-02 09:47:00,data/images/temp_20260805_203010_carrot.png,26.7
IMG_00203,USER_103,2026-07-23 08:19:00,data/images/temp_20260806_081242_Cheeseburger.png,26.9
IMG_00204,USER_104,2026-07-15 00:06:00,data/images/temp_20260805_202016_creamy-mac-n-cheese.jpg,24.9
IMG_00205,USER_105,2026-07-25 09:47:00,data/images/temp_20260806_145200_Cheeseburger.png,26.0
IMG_00206,USER_106,2026-07-12 23:43:00,data/images/temp_20260805_202357_meal_06.png,26.6
IMG_00207,USER_107,2026-07-27 20:33:00,data/images/temp_20260805_202357_meal_07.png,24.9
IMG_00208,USER_108,2026-07-21 00:59:00,data/images/temp_20260806_080848_noodle_3.png,24.5
IMG_00209,USER_109,2026-08-06 09:34:00,data/images/temp_20260805_195104_banane-apfel-was-gesuender.png,25.6
IMG_00210,USER_110,2026-07-19 00:47:00,data/images/temp_20260806_103801_burger_1.png,27.4
IMG_00211,USER_111,2026-07-27 20:56:00,data/images/temp_20260806_082156_caramel-coffee-milk-shake-1.png,26.7
IMG_00212,USER_112,2026-08-01 23:10:00,data/images/temp_20260806_081534_nRainbow-Veggie-Salad-9921.jpg,26.9
IMG_00213,USER_113,2026-07-31 23:44:00,data/images/temp_20260806_081057_noodle.png,27.9
IMG_00214,USER_114,2026-07-13 00:36:00,data/images/rice.png,26.2
IMG_00215,USER_115,2026-07-14 15:34:00,data/images/temp_20260806_094839_burger.png,27.0
IMG_00216,USER_116,2026-07-31 20:48:00,data/images/temp_20260805_201944_basmati-rice-recipe.png,25.3
IMG_00217,USER_117,2026-07-15 10:21:00,data/images/IMG_20260804_134457.jpg,25.6
IMG_00218,USER_118,2026-07-19 11:48:00,data/images/temp_20260806_105639_burger.png,24.1
IMG_00219,USER_119,2026-07-17 08:41:00,data/images/temp_20260806_082432_mango-juice.png,26.6
IMG_00220,USER_120,2026-07-29 15:33:00,data/images/temp_20260806_081241_beef_noodle.png,24.1
IMG_00221,USER_121,2026-07-27 16:34:00,data/images/temp_20260806_082431_juice.png,24.6
IMG_00222,USER_122,2026-07-13 04:10:00,data/images/temp_20260805_202454_meal_06.png,25.5
IMG_00223,USER_123,2026-08-01 21:16:00,data/images/temp_20260806_081057_chicken.png,24.8
IMG_00224,USER_124,2026-07-21 00:18:00,data/images/cucumber.png,27.0
IMG_00225,USER_125,2026-08-01 08:39:00,data/images/temp_20260806_103802_carrot.png,26.0
IMG_00226,USER_126,2026-07-15 06:21:00,data/images/temp_20260805_202454_meal_07.png,26.8
IMG_00227,USER_127,2026-07-17 05:50:00,data/images/temp_20260806_081241_burger.png,25.9
IMG_00228,USER_128,2026-07-14 21:10:00,data/images/healthy_food.png,25.6
IMG_00229,USER_129,2026-07-19 20:35:00,data/images/IMG_20260806_104355.jpg,25.0
IMG_00230,USER_130,2026-07-29 00:56:00,data/images/meal_07.png,26.6
IMG_00231,USER_131,2026-07-25 00:54:00,data/images/temp_20260805_195132_banane-apfel-was-gesuender.png,25.5
IMG_00232,USER_132,2026-07-27 03:18:00,data/images/temp_20260806_122634_creamy-mac-n-cheese.jpg,24.8
IMG_00233,USER_133,2026-08-06 04:19:00,data/images/temp_20260806_080834_noodle_3.png,25.3
IMG_00234,USER_134,2026-07-19 20:22:00,data/images/temp_20260806_094826_banane-apfel-was-gesuender.png,27.8
IMG_00235,USER_135,2026-07-17 08:49:00,data/images/temp_20260805_202004_basmati-rice-recipe.png,28.0
IMG_00236,USER_136,2026-07-21 10:20:00,data/images/temp_20260806_082405_juice.png,26.7
IMG_00237,USER_137,2026-07-14 01:02:00,data/images/banane-apfel-was-gesuender.png,24.6
IMG_00238,USER_138,2026-07-17 09:53:00,data/images/temp_20260806_114101_Cheeseburger.png,27.3
IMG_00239,USER_139,2026-07-29 19:00:00,data/images/temp_20260806_094839_banane-apfel-was-gesuender.png,26.8
IMG_00240,USER_140,2026-07-18 02:04:00,data/images/temp_20260806_082256_mango-juice.png,24.8
IMG_00241,USER_141,2026-07-30 07:42:00,data/images/duck.png,27.3
IMG_00242,USER_142,2026-08-05 06:47:00,data/images/temp_20260806_081057_duck.png,24.0
IMG_00243,USER_143,2026-07-26 15:54:00,data/images/duck.jpg,24.8
IMG_00244,USER_144,2026-07-14 16:53:00,data/images/temp_20260806_081057_duck.jpg,27.3
IMG_00245,USER_145,2026-08-02 18:34:00,data/images/French-fries-b9e3e0c.png,27.8
IMG_00246,USER_146,2026-08-05 01:00:00,data/images/temp_20260806_082406_strawberry-juice-recipe.png,26.4
IMG_00247,USER_147,2026-07-10 23:27:00,data/images/temp_20260805_202346_meal_06.png,26.9
IMG_00248,USER_148,2026-07-24 16:09:00,data/images/Cucumber-Salad-with-Vinegar-Dressing-2688-scaled.jpg,27.1
IMG_00249,USER_149,2026-07-27 11:20:00,data/images/temp_20260805_202346_meal_07.png,25.0
IMG_00250,USER_100,2026-07-27 00:11:00,data/images/temp_20260805_203011_carrot2.png,27.8
IMG_00251,USER_101,2026-07-17 19:54:00,data/images/temp_20260806_095050_burger.png,27.5
IMG_00252,USER_102,2026-08-06 02:51:00,data/images/temp_20260805_202454_healthy_food.png,24.8
IMG_00253,USER_103,2026-07-29 19:15:00,data/images/temp_20260806_145135_beef_noodle.png,27.0
IMG_00254,USER_104,2026-08-06 05:10:00,data/images/temp_20260806_113924_carrot2.png,27.3
IMG_00255,USER_105,2026-07-25 03:19:00,data/images/temp_20260805_195133_hong-kong-macaroni-soup-f3.png,27.2
IMG_00256,USER_106,2026-07-25 23:13:00,data/images/Macaroni-Thumbnail-Blog.png,24.1
IMG_00257,USER_107,2026-07-30 01:14:00,data/images/temp_20260806_082406_fresh-orange-juice-recipe.png,24.0
IMG_00258,USER_108,2026-08-01 19:33:00,data/images/temp_20260805_201854_basmati-rice-recipe.png,26.1
IMG_00259,USER_109,2026-07-21 04:53:00,data/images/temp_20260806_082432_fresh-orange-juice-recipe.png,27.4
IMG_00260,USER_110,2026-08-01 00:10:00,data/images/noodle.png,25.3
IMG_00261,USER_111,2026-07-12 10:05:00,data/images/Coconut-chicken-rice-bowl-–-basmati-rice-–-3-4-038-1540x870-PNG-1.jpg,24.2
IMG_00262,USER_112,2026-07-20 03:28:00,data/images/temp_20260806_081534_healthy-chopped-vegetable-salad-recipe-4.png,24.6
IMG_00263,USER_113,2026-07-07 22:02:00,data/images/temp_20260806_081856_fruit-salad-dressing.png,27.8
IMG_00264,USER_114,2026-07-29 20:13:00,data/images/temp_20260806_081856_tropical-fruit-salad.png,27.2
IMG_00265,USER_115,2026-07-17 17:32:00,data/images/temp_20260805_201944_Cheeseburger.png,27.9
IMG_00266,USER_116,2026-08-02 20:23:00,data/images/temp_20260806_082256_juice.png,25.6
IMG_00267,USER_117,2026-07-11 03:35:00,data/images/temp_20260806_081534_salad_11.png,24.8
IMG_00268,USER_118,2026-07-14 19:52:00,data/images/temp_20260806_081754_tropical-fruit-salad.png,24.4
IMG_00269,USER_119,2026-08-05 09:00:00,data/images/temp_20260806_081754_fruit-salad-dressing.png,27.6
IMG_00270,USER_120,2026-07-19 15:41:00,data/images/temp_20260806_103710_burger_1.png,25.8
IMG_00271,USER_121,2026-08-04 04:50:00,data/images/creamy-mac-n-cheese.jpg,24.1
IMG_00272,USER_122,2026-08-01 09:01:00,data/images/temp_20260805_202016_basmati-rice-recipe.png,27.8
IMG_00273,USER_123,2026-07-25 14:27:00,data/images/temp_20260806_082405_mango-juice.png,24.1
IMG_00274,USER_124,2026-07-30 19:30:00,data/images/Greek-cucumber-salad-3.png,24.5
IMG_00275,USER_125,2026-08-01 12:28:00,data/images/temp_20260806_080903_noodle.png,26.7
IMG_00276,USER_126,2026-07-08 12:10:00,data/images/Masala-Macroni-5.png,25.2
IMG_00277,USER_127,2026-07-19 18:55:00,data/images/temp_20260806_145200_beef_noodle.png,24.7
IMG_00278,USER_128,2026-08-05 22:44:00,data/images/temp_20260806_081856_Fruit-Salad-10.png,25.6
IMG_00279,USER_129,2026-08-02 12:40:00,data/images/temp_20260805_202329_meal_06.png,27.1
IMG_00280,USER_130,2026-07-18 04:34:00,data/images/temp_20260806_082432_strawberry-juice-recipe.png,24.0
IMG_00281,USER_131,2026-07-18 03:42:00,data/images/temp_20260805_202329_meal_07.png,27.0
IMG_00282,USER_132,2026-07-25 17:52:00,data/images/temp_20260805_203010_carrot.png,24.3
IMG_00283,USER_133,2026-07-11 19:28:00,data/images/temp_20260806_081242_Cheeseburger.png,27.6
IMG_00284,USER_134,2026-07-25 15:46:00,data/images/temp_20260805_202016_creamy-mac-n-cheese.jpg,24.2
IMG_00285,USER_135,2026-08-05 19:21:00,data/images/temp_20260806_145200_Cheeseburger.png,26.4
IMG_00286,USER_136,2026-07-09 18:00:00,data/images/temp_20260805_202357_meal_06.png,27.4
IMG_00287,USER_137,2026-07-28 12:49:00,data/images/temp_20260805_202357_meal_07.png,24.8
IMG_00288,USER_138,2026-07-28 05:02:00,data/images/temp_20260806_080848_noodle_3.png,26.6
IMG_00289,USER_139,2026-07-24 19:48:00,data/images/temp_20260805_195104_banane-apfel-was-gesuender.png,24.2
IMG_00290,USER_140,2026-07-27 19:12:00,data/images/temp_20260806_103801_burger_1.png,27.9
IMG_00291,USER_141,2026-07-27 09:27:00,data/images/temp_20260806_082156_caramel-coffee-milk-shake-1.png,26.0
IMG_00292,USER_142,2026-07-16 10:45:00,data/images/temp_20260806_081534_nRainbow-Veggie-Salad-9921.jpg,25.8
IMG_00293,USER_143,2026-07-28 19:41:00,data/images/temp_20260806_081057_noodle.png,24.8
IMG_00294,USER_144,2026-07-23 02:15:00,data/images/rice.png,24.4
IMG_00295,USER_145,2026-07-28 21:10:00,data/images/temp_20260806_094839_burger.png,25.9
IMG_00296,USER_146,2026-07-28 04:05:00,data/images/temp_20260805_201944_basmati-rice-recipe.png,24.9
IMG_00297,USER_147,2026-07-21 10:40:00,data/images/IMG_20260804_134457.jpg,27.9
IMG_00298,USER_148,2026-07-28 07:30:00,data/images/temp_20260806_105639_burger.png,26.5
IMG_00299,USER_149,2026-07-24 15:09:00,data/images/temp_20260806_082432_mango-juice.png,24.2
IMG_00300,USER_100,2026-07-09 16:18:00,data/images/temp_20260806_081241_beef_noodle.png,25.5
IMG_00301,USER_101,2026-07-13 10:23:00,data/images/temp_20260806_082431_juice.png,27.9
IMG_00302,USER_102,2026-07-30 12:53:00,data/images/temp_20260805_202454_meal_06.png,25.5
IMG_00303,USER_103,2026-07-16 13:26:00,data/images/temp_20260806_081057_chicken.png,24.9
IMG_00304,USER_104,2026-07-27 04:01:00,data/images/cucumber.png,26.6
IMG_00305,USER_105,2026-07-21 12:45:00,data/images/temp_20260806_103802_carrot.png,27.6
IMG_00306,USER_106,2026-07-21 04:07:00,data/images/temp_20260805_202454_meal_07.png,24.3
IMG_00307,USER_107,2026-07-31 03:23:00,data/images/temp_20260806_081241_burger.png,26.1
IMG_00308,USER_108,2026-07-07 15:40:00,data/images/healthy_food.png,27.4
IMG_00309,USER_109,2026-07-23 09:38:00,data/images/IMG_20260806_104355.jpg,26.1
IMG_00310,USER_110,2026-07-19 16:22:00,data/images/meal_07.png,26.1
IMG_00311,USER_111,2026-07-11 13:54:00,data/images/temp_20260805_195132_banane-apfel-was-gesuender.png,26.4
IMG_00312,USER_112,2026-07-15 02:47:00,data/images/temp_20260806_122634_creamy-mac-n-cheese.jpg,26.8
IMG_00313,USER_113,2026-07-10 11:09:00,data/images/temp_20260806_080834_noodle_3.png,25.7
IMG_00314,USER_114,2026-07-07 21:19:00,data/images/temp_20260806_094826_banane-apfel-was-gesuender.png,24.5
IMG_00315,USER_115,2026-07-16 04:27:00,data/images/temp_20260805_202004_basmati-rice-recipe.png,27.6
IMG_00316,USER_116,2026-07-26 19:37:00,data/images/temp_20260806_082405_juice.png,26.2
IMG_00317,USER_117,2026-07-11 00:04:00,data/images/banane-apfel-was-gesuender.png,27.6
IMG_00318,USER_118,2026-08-03 23:49:00,data/images/temp_20260806_114101_Cheeseburger.png,26.7
IMG_00319,USER_119,2026-07-27 18:11:00,data/images/temp_20260806_094839_banane-apfel-was-gesuender.png,27.8
IMG_00320,USER_120,2026-07-20 12:26:00,data/images/temp_20260806_082256_mango-juice.png,27.9
IMG_00321,USER_121,2026-08-04 16:21:00,data/images/duck.png,27.2
IMG_00322,USER_122,2026-07-30 03:37:00,data/images/temp_20260806_081057_duck.png,25.2
IMG_00323,USER_123,2026-07-30 01:14:00,data/images/duck.jpg,26.2
IMG_00324,USER_124,2026-08-02 00:54:00,data/images/temp_20260806_081057_duck.jpg,24.9
IMG_00325,USER_125,2026-08-02 03:18:00,data/images/French-fries-b9e3e0c.png,27.6
IMG_00326,USER_126,2026-07-19 20:03:00,data/images/temp_20260806_082406_strawberry-juice-recipe.png,27.9
IMG_00327,USER_127,2026-07-11 00:42:00,data/images/temp_20260805_202346_meal_06.png,24.7
IMG_00328,USER_128,2026-07-20 08:32:00,data/images/Cucumber-Salad-with-Vinegar-Dressing-2688-scaled.jpg,24.0
IMG_00329,USER_129,2026-07-11 16:04:00,data/images/temp_20260805_202346_meal_07.png,25.7
IMG_00330,USER_130,2026-07-23 06:01:00,data/images/temp_20260805_203011_carrot2.png,24.1
IMG_00331,USER_131,2026-07-23 09:57:00,data/images/temp_20260806_095050_burger.png,25.9
IMG_00332,USER_132,2026-07-30 14:50:00,data/images/temp_20260805_202454_healthy_food.png,25.3
IMG_00333,USER_133,2026-07-22 21:07:00,data/images/temp_20260806_145135_beef_noodle.png,24.1
IMG_00334,USER_134,2026-07-13 09:53:00,data/images/temp_20260806_113924_carrot2.png,24.3
IMG_00335,USER_135,2026-07-13 12:59:00,data/images/temp_20260805_195133_hong-kong-macaroni-soup-f3.png,27.5
IMG_00336,USER_136,2026-07-10 22:02:00,data/images/Macaroni-Thumbnail-Blog.png,24.6
IMG_00337,USER_137,2026-07-12 07:09:00,data/images/temp_20260806_082406_fresh-orange-juice-recipe.png,24.4
IMG_00338,USER_138,2026-08-06 05:49:00,data/images/temp_20260805_201854_basmati-rice-recipe.png,27.0
IMG_00339,USER_139,2026-07-20 06:13:00,data/images/temp_20260806_082432_fresh-orange-juice-recipe.png,25.4
IMG_00340,USER_140,2026-08-01 12:25:00,data/images/noodle.png,25.9
IMG_00341,USER_141,2026-07-16 03:15:00,data/images/Coconut-chicken-rice-bowl-–-basmati-rice-–-3-4-038-1540x870-PNG-1.jpg,26.3
IMG_00342,USER_142,2026-07-23 04:19:00,data/images/temp_20260806_081534_healthy-chopped-vegetable-salad-recipe-4.png,26.0
IMG_00343,USER_143,2026-07-14 22:14:00,data/images/temp_20260806_081856_fruit-salad-dressing.png,27.1
IMG_00344,USER_144,2026-07-09 12:01:00,data/images/temp_20260806_081856_tropical-fruit-salad.png,27.8
IMG_00345,USER_145,2026-07-22 16:22:00,data/images/temp_20260805_201944_Cheeseburger.png,27.6
IMG_00346,USER_146,2026-07-22 08:58:00,data/images/temp_20260806_082256_juice.png,24.8
IMG_00347,USER_147,2026-07-24 22:08:00,data/images/temp_20260806_081534_salad_11.png,25.8
IMG_00348,USER_148,2026-07-17 14:03:00,data/images/temp_20260806_081754_tropical-fruit-salad.png,27.2
IMG_00349,USER_149,2026-07-26 06:11:00,data/images/temp_20260806_081754_fruit-salad-dressing.png,24.4
IMG_00350,USER_100,2026-07-30 16:31:00,data/images/temp_20260806_103710_burger_1.png,25.9
IMG_00351,USER_101,2026-08-03 10:42:00,data/images/creamy-mac-n-cheese.jpg,24.8
IMG_00352,USER_102,2026-07-22 19:42:00,data/images/temp_20260805_202016_basmati-rice-recipe.png,27.3
IMG_00353,USER_103,2026-07-12 17:31:00,data/images/temp_20260806_082405_mango-juice.png,26.7
IMG_00354,USER_104,2026-08-03 01:10:00,data/images/Greek-cucumber-salad-3.png,25.5
IMG_00355,USER_105,2026-07-10 17:44:00,data/images/temp_20260806_080903_noodle.png,26.1
IMG_00356,USER_106,2026-07-10 08:55:00,data/images/Masala-Macroni-5.png,26.2
IMG_00357,USER_107,2026-08-04 15:13:00,data/images/temp_20260806_145200_beef_noodle.png,27.9
IMG_00358,USER_108,2026-07-31 16:58:00,data/images/temp_20260806_081856_Fruit-Salad-10.png,26.6
IMG_00359,USER_109,2026-07-26 16:34:00,data/images/temp_20260805_202329_meal_06.png,26.2
IMG_00360,USER_110,2026-07-26 14:05:00,data/images/temp_20260806_082432_strawberry-juice-recipe.png,24.4
IMG_00361,USER_111,2026-07-12 15:53:00,data/images/temp_20260805_202329_meal_07.png,27.2
IMG_00362,USER_112,2026-07-20 04:19:00,data/images/temp_20260805_203010_carrot.png,27.0
IMG_00363,USER_113,2026-07-29 01:57:00,data/images/temp_20260806_081242_Cheeseburger.png,27.5
IMG_00364,USER_114,2026-07-24 22:15:00,data/images/temp_20260805_202016_creamy-mac-n-cheese.jpg,24.4
IMG_00365,USER_115,2026-07-14 08:59:00,data/images/temp_20260806_145200_Cheeseburger.png,24.2
IMG_00366,USER_116,2026-07-12 09:13:00,data/images/temp_20260805_202357_meal_06.png,25.6
IMG_00367,USER_117,2026-08-04 21:21:00,data/images/temp_20260805_202357_meal_07.png,26.9
IMG_00368,USER_118,2026-07-10 12:36:00,data/images/temp_20260806_080848_noodle_3.png,25.9
IMG_00369,USER_119,2026-07-30 09:34:00,data/images/temp_20260805_195104_banane-apfel-was-gesuender.png,27.9
IMG_00370,USER_120,2026-07-09 03:59:00,data/images/temp_20260806_103801_burger_1.png,27.7
IMG_00371,USER_121,2026-07-11 05:22:00,data/images/temp_20260806_082156_caramel-coffee-milk-shake-1.png,25.0
IMG_00372,USER_122,2026-07-15 18:49:00,data/images/temp_20260806_081534_nRainbow-Veggie-Salad-9921.jpg,25.4
IMG_00373,USER_123,2026-07-26 18:58:00,data/images/temp_20260806_081057_noodle.png,26.6
IMG_00374,USER_124,2026-08-02 05:48:00,data/images/rice.png,26.4
IMG_00375,USER_125,2026-07-16 09:21:00,data/images/temp_20260806_094839_burger.png,26.2
IMG_00376,USER_126,2026-07-10 09:33:00,data/images/temp_20260805_201944_basmati-rice-recipe.png,26.7
IMG_00377,USER_127,2026-08-04 04:45:00,data/images/IMG_20260804_134457.jpg,27.0
IMG_00378,USER_128,2026-07-08 19:15:00,data/images/temp_20260806_105639_burger.png,25.2
IMG_00379,USER_129,2026-08-04 02:02:00,data/images/temp_20260806_082432_mango-juice.png,27.2
IMG_00380,USER_130,2026-07-17 05:46:00,data/images/temp_20260806_081241_beef_noodle.png,24.4
IMG_00381,USER_131,2026-07-23 00:39:00,data/images/temp_20260806_082431_juice.png,25.8
IMG_00382,USER_132,2026-07-21 20:42:00,data/images/temp_20260805_202454_meal_06.png,25.2
IMG_00383,USER_133,2026-07-15 03:44:00,data/images/temp_20260806_081057_chicken.png,25.3
IMG_00384,USER_134,2026-07-10 12:46:00,data/images/cucumber.png,25.7
IMG_00385,USER_135,2026-07-24 05:05:00,data/images/temp_20260806_103802_carrot.png,24.5
IMG_00386,USER_136,2026-08-02 09:51:00,data/images/temp_20260805_202454_meal_07.png,25.2
IMG_00387,USER_137,2026-07-28 10:02:00,data/images/temp_20260806_081241_burger.png,27.6
IMG_00388,USER_138,2026-07-24 10:43:00,data/images/healthy_food.png,27.0
IMG_00389,USER_139,2026-07-22 20:18:00,data/images/IMG_20260806_104355.jpg,24.1
IMG_00390,USER_140,2026-07-19 14:08:00,data/images/meal_07.png,24.0
IMG_00391,USER_141,2026-08-04 21:09:00,data/images/temp_20260805_195132_banane-apfel-was-gesuender.png,25.1
IMG_00392,USER_142,2026-07-29 19:51:00,data/images/temp_20260806_122634_creamy-mac-n-cheese.jpg,24.1
IMG_00393,USER_143,2026-07-28 12:51:00,data/images/temp_20260806_080834_noodle_3.png,26.9
IMG_00394,USER_144,2026-07-09 21:35:00,data/images/temp_20260806_094826_banane-apfel-was-gesuender.png,27.9
IMG_00395,USER_145,2026-07-24 06:57:00,data/images/temp_20260805_202004_basmati-rice-recipe.png,24.1
IMG_00396,USER_146,2026-07-20 14:02:00,data/images/temp_20260806_082405_juice.png,25.7
IMG_00397,USER_147,2026-07-11 17:22:00,data/images/banane-apfel-was-gesuender.png,26.5
IMG_00398,USER_148,2026-07-12 02:50:00,data/images/temp_20260806_114101_Cheeseburger.png,24.2
IMG_00399,USER_149,2026-07-13 21:25:00,data/images/temp_20260806_094839_banane-apfel-was-gesuender.png,26.1
IMG_00400,USER_100,2026-07-15 14:52:00,data/images/temp_20260806_082256_mango-juice.png,27.9
IMG_00401,USER_101,2026-07-22 14:48:00,data/images/duck.png,26.4
IMG_00402,USER_102,2026-07-22 13:27:00,data/images/temp_20260806_081057_duck.png,27.5
IMG_00403,USER_103,2026-07-18 04:21:00,data/images/duck.jpg,27.0
IMG_00404,USER_104,2026-08-03 09:15:00,data/images/temp_20260806_081057_duck.jpg,24.7
IMG_00405,USER_105,2026-07-11 02:37:00,data/images/French-fries-b9e3e0c.png,27.3
IMG_00406,USER_106,2026-07-11 20:28:00,data/images/temp_20260806_082406_strawberry-juice-recipe.png,26.4
IMG_00407,USER_107,2026-07-16 23:45:00,data/images/temp_20260805_202346_meal_06.png,27.6
IMG_00408,USER_108,2026-07-24 12:49:00,data/images/Cucumber-Salad-with-Vinegar-Dressing-2688-scaled.jpg,25.4
IMG_00409,USER_109,2026-08-01 07:21:00,data/images/temp_20260805_202346_meal_07.png,26.3
IMG_00410,USER_110,2026-07-15 03:11:00,data/images/temp_20260805_203011_carrot2.png,25.7
IMG_00411,USER_111,2026-07-15 19:37:00,data/images/temp_20260806_095050_burger.png,24.5
IMG_00412,USER_112,2026-07-15 07:02:00,data/images/temp_20260805_202454_healthy_food.png,24.9
IMG_00413,USER_113,2026-07-19 08:17:00,data/images/temp_20260806_145135_beef_noodle.png,26.4
IMG_00414,USER_114,2026-08-01 06:07:00,data/images/temp_20260806_113924_carrot2.png,27.7
IMG_00415,USER_115,2026-07-13 23:40:00,data/images/temp_20260805_195133_hong-kong-macaroni-soup-f3.png,26.1
IMG_00416,USER_116,2026-07-19 22:01:00,data/images/Macaroni-Thumbnail-Blog.png,24.3
IMG_00417,USER_117,2026-07-24 22:48:00,data/images/temp_20260806_082406_fresh-orange-juice-recipe.png,28.0
IMG_00418,USER_118,2026-08-04 10:58:00,data/images/temp_20260805_201854_basmati-rice-recipe.png,27.5
IMG_00419,USER_119,2026-07-25 09:05:00,data/images/temp_20260806_082432_fresh-orange-juice-recipe.png,24.1
IMG_00420,USER_120,2026-07-10 04:45:00,data/images/noodle.png,25.0
IMG_00421,USER_121,2026-07-12 22:29:00,data/images/Coconut-chicken-rice-bowl-–-basmati-rice-–-3-4-038-1540x870-PNG-1.jpg,24.6
IMG_00422,USER_122,2026-07-21 00:14:00,data/images/temp_20260806_081534_healthy-chopped-vegetable-salad-recipe-4.png,27.2
IMG_00423,USER_123,2026-07-25 16:14:00,data/images/temp_20260806_081856_fruit-salad-dressing.png,26.9
IMG_00424,USER_124,2026-07-24 16:14:00,data/images/temp_20260806_081856_tropical-fruit-salad.png,27.3
IMG_00425,USER_125,2026-07-31 21:27:00,data/images/temp_20260805_201944_Cheeseburger.png,24.6
IMG_00426,USER_126,2026-07-18 14:49:00,data/images/temp_20260806_082256_juice.png,26.4
IMG_00427,USER_127,2026-07-13 22:36:00,data/images/temp_20260806_081534_salad_11.png,24.8
IMG_00428,USER_128,2026-07-30 07:39:00,data/images/temp_20260806_081754_tropical-fruit-salad.png,24.3
IMG_00429,USER_129,2026-08-02 09:34:00,data/images/temp_20260806_081754_fruit-salad-dressing.png,24.3
IMG_00430,USER_130,2026-07-31 18:26:00,data/images/temp_20260806_103710_burger_1.png,26.4
IMG_00431,USER_131,2026-07-21 10:30:00,data/images/creamy-mac-n-cheese.jpg,27.6
IMG_00432,USER_132,2026-07-25 11:20:00,data/images/temp_20260805_202016_basmati-rice-recipe.png,27.4
IMG_00433,USER_133,2026-07-09 09:59:00,data/images/temp_20260806_082405_mango-juice.png,27.4
IMG_00434,USER_134,2026-07-08 19:38:00,data/images/Greek-cucumber-salad-3.png,25.3
IMG_00435,USER_135,2026-08-06 02:08:00,data/images/temp_20260806_080903_noodle.png,26.6
IMG_00436,USER_136,2026-07-13 06:34:00,data/images/Masala-Macroni-5.png,25.4
IMG_00437,USER_137,2026-07-21 07:59:00,data/images/temp_20260806_145200_beef_noodle.png,27.9
IMG_00438,USER_138,2026-07-30 00:22:00,data/images/temp_20260806_081856_Fruit-Salad-10.png,25.4
IMG_00439,USER_139,2026-07-24 23:34:00,data/images/temp_20260805_202329_meal_06.png,24.4
IMG_00440,USER_140,2026-07-26 06:46:00,data/images/temp_20260806_082432_strawberry-juice-recipe.png,24.1
IMG_00441,USER_141,2026-08-01 07:39:00,data/images/temp_20260805_202329_meal_07.png,26.0
IMG_00442,USER_142,2026-07-08 22:31:00,data/images/temp_20260805_203010_carrot.png,27.1
IMG_00443,USER_143,2026-08-03 16:43:00,data/images/temp_20260806_081242_Cheeseburger.png,26.3
IMG_00444,USER_144,2026-08-04 08:51:00,data/images/temp_20260805_202016_creamy-mac-n-cheese.jpg,24.4
IMG_00445,USER_145,2026-07-14 09:25:00,data/images/temp_20260806_145200_Cheeseburger.png,25.3
IMG_00446,USER_146,2026-07-30 07:29:00,data/images/temp_20260805_202357_meal_06.png,24.3
IMG_00447,USER_147,2026-07-10 11:09:00,data/images/temp_20260805_202357_meal_07.png,25.3
IMG_00448,USER_148,2026-07-15 15:59:00,data/images/temp_20260806_080848_noodle_3.png,25.2
IMG_00449,USER_149,2026-07-08 15:42:00,data/images/temp_20260805_195104_banane-apfel-was-gesuender.png,26.4
IMG_00450,USER_100,2026-07-07 15:39:00,data/images/temp_20260806_103801_burger_1.png,24.6
IMG_00451,USER_101,2026-07-20 03:22:00,data/images/temp_20260806_082156_caramel-coffee-milk-shake-1.png,27.9
IMG_00452,USER_102,2026-07-31 23:03:00,data/images/temp_20260806_081534_nRainbow-Veggie-Salad-9921.jpg,27.2
IMG_00453,USER_103,2026-07-16 08:44:00,data/images/temp_20260806_081057_noodle.png,26.9
IMG_00454,USER_104,2026-07-09 03:39:00,data/images/rice.png,25.9
IMG_00455,USER_105,2026-07-12 11:42:00,data/images/temp_20260806_094839_burger.png,27.6
IMG_00456,USER_106,2026-07-13 18:21:00,data/images/temp_20260805_201944_basmati-rice-recipe.png,26.1
IMG_00457,USER_107,2026-07-21 14:22:00,data/images/IMG_20260804_134457.jpg,24.8
IMG_00458,USER_108,2026-07-11 04:21:00,data/images/temp_20260806_105639_burger.png,24.9
IMG_00459,USER_109,2026-07-22 19:57:00,data/images/temp_20260806_082432_mango-juice.png,25.5
IMG_00460,USER_110,2026-07-13 06:58:00,data/images/temp_20260806_081241_beef_noodle.png,24.5
IMG_00461,USER_111,2026-08-06 09:21:00,data/images/temp_20260806_082431_juice.png,27.2
IMG_00462,USER_112,2026-07-13 02:40:00,data/images/temp_20260805_202454_meal_06.png,27.9
IMG_00463,USER_113,2026-08-04 07:54:00,data/images/temp_20260806_081057_chicken.png,26.8
IMG_00464,USER_114,2026-07-09 10:48:00,data/images/cucumber.png,26.7
IMG_00465,USER_115,2026-07-09 12:36:00,data/images/temp_20260806_103802_carrot.png,27.8
IMG_00466,USER_116,2026-07-29 07:26:00,data/images/temp_20260805_202454_meal_07.png,24.3
IMG_00467,USER_117,2026-07-30 10:35:00,data/images/temp_20260806_081241_burger.png,24.3
IMG_00468,USER_118,2026-08-01 16:22:00,data/images/healthy_food.png,26.1
IMG_00469,USER_119,2026-07-17 20:05:00,data/images/IMG_20260806_104355.jpg,25.3
IMG_00470,USER_120,2026-07-10 14:43:00,data/images/meal_07.png,27.9
IMG_00471,USER_121,2026-07-16 05:44:00,data/images/temp_20260805_195132_banane-apfel-was-gesuender.png,26.6
IMG_00472,USER_122,2026-07-29 17:10:00,data/images/temp_20260806_122634_creamy-mac-n-cheese.jpg,24.1
IMG_00473,USER_123,2026-07-11 00:47:00,data/images/temp_20260806_080834_noodle_3.png,26.9
IMG_00474,USER_124,2026-07-28 13:27:00,data/images/temp_20260806_094826_banane-apfel-was-gesuender.png,25.5
IMG_00475,USER_125,2026-07-21 02:53:00,data/images/temp_20260805_202004_basmati-rice-recipe.png,25.0
IMG_00476,USER_126,2026-07-18 22:34:00,data/images/temp_20260806_082405_juice.png,25.7
IMG_00477,USER_127,2026-07-13 07:54:00,data/images/banane-apfel-was-gesuender.png,25.4
IMG_00478,USER_128,2026-07-13 12:38:00,data/images/temp_20260806_114101_Cheeseburger.png,27.3
IMG_00479,USER_129,2026-07-13 09:01:00,data/images/temp_20260806_094839_banane-apfel-was-gesuender.png,27.4
IMG_00480,USER_130,2026-07-16 00:04:00,data/images/temp_20260806_082256_mango-juice.png,27.0
IMG_00481,USER_131,2026-07-18 13:19:00,data/images/duck.png,24.8
IMG_00482,USER_132,2026-07-22 23:56:00,data/images/temp_20260806_081057_duck.png,27.2
IMG_00483,USER_133,2026-07-09 02:48:00,data/images/duck.jpg,27.7
IMG_00484,USER_134,2026-07-14 23:54:00,data/images/temp_20260806_081057_duck.jpg,26.6
IMG_00485,USER_135,2026-07-08 17:21:00,data/images/French-fries-b9e3e0c.png,25.6
IMG_00486,USER_136,2026-07-10 16:09:00,data/images/temp_20260806_082406_strawberry-juice-recipe.png,27.1
IMG_00487,USER_137,2026-07-21 12:14:00,data/images/temp_20260805_202346_meal_06.png,24.5
IMG_00488,USER_138,2026-07-17 04:20:00,data/images/Cucumber-Salad-with-Vinegar-Dressing-2688-scaled.jpg,26.6
IMG_00489,USER_139,2026-07-22 23:05:00,data/images/temp_20260805_202346_meal_07.png,24.2
IMG_00490,USER_140,2026-07-13 12:01:00,data/images/temp_20260805_203011_carrot2.png,25.2
IMG_00491,USER_141,2026-07-21 23:05:00,data/images/temp_20260806_095050_burger.png,25.0
IMG_00492,USER_142,2026-07-22 19:01:00,data/images/temp_20260805_202454_healthy_food.png,27.0
IMG_00493,USER_143,2026-07-11 01:39:00,data/images/temp_20260806_145135_beef_noodle.png,26.1
IMG_00494,USER_144,2026-07-15 16:23:00,data/images/temp_20260806_113924_carrot2.png,24.8
IMG_00495,USER_145,2026-07-13 08:26:00,data/images/temp_20260805_195133_hong-kong-macaroni-soup-f3.png,24.5
IMG_00496,USER_146,2026-07-17 08:18:00,data/images/Macaroni-Thumbnail-Blog.png,24.2
IMG_00497,USER_147,2026-07-13 20:17:00,data/images/temp_20260806_082406_fresh-orange-juice-recipe.png,24.5
IMG_00498,USER_148,2026-08-02 01:28:00,data/images/temp_20260805_201854_basmati-rice-recipe.png,27.3
IMG_00499,USER_149,2026-07-30 20:31:00,data/images/temp_20260806_082432_fresh-orange-juice-recipe.png,27.6
IMG_00500,USER_100,2026-07-18 02:10:00,data/images/noodle.png,24.9
IMG_00501,USER_101,2026-07-26 13:40:00,data/images/Coconut-chicken-rice-bowl-–-basmati-rice-–-3-4-038-1540x870-PNG-1.jpg,26.8
IMG_00502,USER_102,2026-07-08 11:12:00,data/images/temp_20260806_081534_healthy-chopped-vegetable-salad-recipe-4.png,25.3
IMG_00503,USER_103,2026-08-06 00:14:00,data/images/temp_20260806_081856_fruit-salad-dressing.png,27.0
IMG_00504,USER_104,2026-07-15 23:12:00,data/images/temp_20260806_081856_tropical-fruit-salad.png,25.0
IMG_00505,USER_105,2026-08-06 12:06:00,data/images/temp_20260805_201944_Cheeseburger.png,28.0
IMG_00506,USER_106,2026-07-21 20:01:00,data/images/temp_20260806_082256_juice.png,27.9
IMG_00507,USER_107,2026-07-17 19:19:00,data/images/temp_20260806_081534_salad_11.png,26.4
IMG_00508,USER_108,2026-07-23 07:02:00,data/images/temp_20260806_081754_tropical-fruit-salad.png,26.0
IMG_00509,USER_109,2026-07-09 19:18:00,data/images/temp_20260806_081754_fruit-salad-dressing.png,27.8
IMG_00510,USER_110,2026-07-17 16:53:00,data/images/temp_20260806_103710_burger_1.png,25.9
IMG_00511,USER_111,2026-07-27 10:05:00,data/images/creamy-mac-n-cheese.jpg,26.6
IMG_00512,USER_112,2026-07-22 21:35:00,data/images/temp_20260805_202016_basmati-rice-recipe.png,27.4
IMG_00513,USER_113,2026-07-18 06:57:00,data/images/temp_20260806_082405_mango-juice.png,24.7
IMG_00514,USER_114,2026-07-11 16:30:00,data/images/Greek-cucumber-salad-3.png,26.8
IMG_00515,USER_115,2026-07-25 05:25:00,data/images/temp_20260806_080903_noodle.png,27.9
IMG_00516,USER_116,2026-07-21 00:08:00,data/images/Masala-Macroni-5.png,26.1
IMG_00517,USER_117,2026-08-04 03:54:00,data/images/temp_20260806_145200_beef_noodle.png,27.3
IMG_00518,USER_118,2026-07-21 22:47:00,data/images/temp_20260806_081856_Fruit-Salad-10.png,25.0
IMG_00519,USER_119,2026-07-18 19:48:00,data/images/temp_20260805_202329_meal_06.png,24.8
IMG_00520,USER_120,2026-07-22 18:03:00,data/images/temp_20260806_082432_strawberry-juice-recipe.png,25.0
IMG_00521,USER_121,2026-07-26 08:04:00,data/images/temp_20260805_202329_meal_07.png,25.5
IMG_00522,USER_122,2026-07-24 09:16:00,data/images/temp_20260805_203010_carrot.png,27.4
IMG_00523,USER_123,2026-07-10 19:31:00,data/images/temp_20260806_081242_Cheeseburger.png,24.4
IMG_00524,USER_124,2026-07-17 06:42:00,data/images/temp_20260805_202016_creamy-mac-n-cheese.jpg,27.6
IMG_00525,USER_125,2026-08-03 01:06:00,data/images/temp_20260806_145200_Cheeseburger.png,26.9
IMG_00526,USER_126,2026-07-12 18:32:00,data/images/temp_20260805_202357_meal_06.png,24.3
IMG_00527,USER_127,2026-08-04 08:38:00,data/images/temp_20260805_202357_meal_07.png,24.2
IMG_00528,USER_128,2026-08-01 07:47:00,data/images/temp_20260806_080848_noodle_3.png,27.0
IMG_00529,USER_129,2026-07-29 02:15:00,data/images/temp_20260805_195104_banane-apfel-was-gesuender.png,26.2
IMG_00530,USER_130,2026-07-29 02:10:00,data/images/temp_20260806_103801_burger_1.png,25.5
IMG_00531,USER_131,2026-08-06 11:30:00,data/images/temp_20260806_082156_caramel-coffee-milk-shake-1.png,25.4
IMG_00532,USER_132,2026-07-08 21:59:00,data/images/temp_20260806_081534_nRainbow-Veggie-Salad-9921.jpg,27.2
IMG_00533,USER_133,2026-07-08 23:53:00,data/images/temp_20260806_081057_noodle.png,24.6
IMG_00534,USER_134,2026-07-23 14:04:00,data/images/rice.png,25.5
IMG_00535,USER_135,2026-07-28 03:23:00,data/images/temp_20260806_094839_burger.png,24.2
IMG_00536,USER_136,2026-07-26 12:09:00,data/images/temp_20260805_201944_basmati-rice-recipe.png,27.9
IMG_00537,USER_137,2026-07-21 16:02:00,data/images/IMG_20260804_134457.jpg,24.4
IMG_00538,USER_138,2026-07-07 21:25:00,data/images/temp_20260806_105639_burger.png,27.4
IMG_00539,USER_139,2026-07-30 05:45:00,data/images/temp_20260806_082432_mango-juice.png,28.0
IMG_00540,USER_140,2026-08-04 19:31:00,data/images/temp_20260806_081241_beef_noodle.png,24.5
IMG_00541,USER_141,2026-07-24 12:34:00,data/images/temp_20260806_082431_juice.png,24.3
IMG_00542,USER_142,2026-07-12 11:13:00,data/images/temp_20260805_202454_meal_06.png,24.4
IMG_00543,USER_143,2026-08-02 09:47:00,data/images/temp_20260806_081057_chicken.png,25.3
IMG_00544,USER_144,2026-08-04 08:47:00,data/images/cucumber.png,26.7
IMG_00545,USER_145,2026-07-12 00:30:00,data/images/temp_20260806_103802_carrot.png,25.3
IMG_00546,USER_146,2026-07-24 09:23:00,data/images/temp_20260805_202454_meal_07.png,25.7
IMG_00547,USER_147,2026-07-19 03:10:00,data/images/temp_20260806_081241_burger.png,27.6
IMG_00548,USER_148,2026-07-20 21:59:00,data/images/healthy_food.png,24.6
IMG_00549,USER_149,2026-07-28 04:38:00,data/images/IMG_20260806_104355.jpg,27.4
IMG_00550,USER_100,2026-07-14 18:24:00,data/images/meal_07.png,27.7
IMG_00551,USER_101,2026-07-25 15:16:00,data/images/temp_20260805_195132_banane-apfel-was-gesuender.png,24.7
IMG_00552,USER_102,2026-07-09 05:46:00,data/images/temp_20260806_122634_creamy-mac-n-cheese.jpg,25.5
IMG_00553,USER_103,2026-07-27 07:23:00,data/images/temp_20260806_080834_noodle_3.png,25.4
IMG_00554,USER_104,2026-07-30 12:22:00,data/images/temp_20260806_094826_banane-apfel-was-gesuender.png,26.2
IMG_00555,USER_105,2026-07-24 12:46:00,data/images/temp_20260805_202004_basmati-rice-recipe.png,24.2
IMG_00556,USER_106,2026-07-14 01:57:00,data/images/temp_20260806_082405_juice.png,24.3
IMG_00557,USER_107,2026-07-15 09:08:00,data/images/banane-apfel-was-gesuender.png,26.6
IMG_00558,USER_108,2026-08-03 10:10:00,data/images/temp_20260806_114101_Cheeseburger.png,26.4
IMG_00559,USER_109,2026-07-14 14:19:00,data/images/temp_20260806_094839_banane-apfel-was-gesuender.png,26.3
IMG_00560,USER_110,2026-07-13 14:08:00,data/images/temp_20260806_082256_mango-juice.png,27.7
IMG_00561,USER_111,2026-07-22 03:41:00,data/images/duck.png,25.0
IMG_00562,USER_112,2026-07-24 05:08:00,data/images/temp_20260806_081057_duck.png,25.9
IMG_00563,USER_113,2026-07-23 23:15:00,data/images/duck.jpg,27.0
IMG_00564,USER_114,2026-07-31 00:24:00,data/images/temp_20260806_081057_duck.jpg,27.7
IMG_00565,USER_115,2026-07-13 08:41:00,data/images/French-fries-b9e3e0c.png,26.8
IMG_00566,USER_116,2026-07-10 01:41:00,data/images/temp_20260806_082406_strawberry-juice-recipe.png,27.6
IMG_00567,USER_117,2026-07-28 12:24:00,data/images/temp_20260805_202346_meal_06.png,26.3
IMG_00568,USER_118,2026-07-13 08:25:00,data/images/Cucumber-Salad-with-Vinegar-Dressing-2688-scaled.jpg,26.9
IMG_00569,USER_119,2026-07-24 04:08:00,data/images/temp_20260805_202346_meal_07.png,26.8
IMG_00570,USER_120,2026-07-14 17:27:00,data/images/temp_20260805_203011_carrot2.png,24.5
IMG_00571,USER_121,2026-07-24 14:42:00,data/images/temp_20260806_095050_burger.png,24.3
IMG_00572,USER_122,2026-07-27 04:58:00,data/images/temp_20260805_202454_healthy_food.png,26.7
IMG_00573,USER_123,2026-07-31 18:30:00,data/images/temp_20260806_145135_beef_noodle.png,25.8
IMG_00574,USER_124,2026-07-11 03:32:00,data/images/temp_20260806_113924_carrot2.png,24.1
IMG_00575,USER_125,2026-08-01 04:26:00,data/images/temp_20260805_195133_hong-kong-macaroni-soup-f3.png,24.5
IMG_00576,USER_126,2026-08-02 03:10:00,data/images/Macaroni-Thumbnail-Blog.png,28.0
IMG_00577,USER_127,2026-07-10 01:45:00,data/images/temp_20260806_082406_fresh-orange-juice-recipe.png,27.1
IMG_00578,USER_128,2026-07-24 10:42:00,data/images/temp_20260805_201854_basmati-rice-recipe.png,27.7
IMG_00579,USER_129,2026-07-18 17:14:00,data/images/temp_20260806_082432_fresh-orange-juice-recipe.png,27.4
IMG_00580,USER_130,2026-07-23 12:23:00,data/images/noodle.png,24.8
IMG_00581,USER_131,2026-07-21 22:02:00,data/images/Coconut-chicken-rice-bowl-–-basmati-rice-–-3-4-038-1540x870-PNG-1.jpg,27.9
IMG_00582,USER_132,2026-08-04 11:23:00,data/images/temp_20260806_081534_healthy-chopped-vegetable-salad-recipe-4.png,25.3
IMG_00583,USER_133,2026-07-29 19:00:00,data/images/temp_20260806_081856_fruit-salad-dressing.png,25.4
IMG_00584,USER_134,2026-07-19 04:34:00,data/images/temp_20260806_081856_tropical-fruit-salad.png,26.2
IMG_00585,USER_135,2026-07-28 23:33:00,data/images/temp_20260805_201944_Cheeseburger.png,25.0
IMG_00586,USER_136,2026-07-31 21:39:00,data/images/temp_20260806_082256_juice.png,26.8
IMG_00587,USER_137,2026-07-30 21:00:00,data/images/temp_20260806_081534_salad_11.png,25.2
IMG_00588,USER_138,2026-07-22 14:24:00,data/images/temp_20260806_081754_tropical-fruit-salad.png,25.4
IMG_00589,USER_139,2026-07-25 11:04:00,data/images/temp_20260806_081754_fruit-salad-dressing.png,24.8
IMG_00590,USER_140,2026-07-24 15:37:00,data/images/temp_20260806_103710_burger_1.png,26.6
IMG_00591,USER_141,2026-07-26 20:25:00,data/images/creamy-mac-n-cheese.jpg,25.5
IMG_00592,USER_142,2026-07-26 06:57:00,data/images/temp_20260805_202016_basmati-rice-recipe.png,24.2
IMG_00593,USER_143,2026-07-25 17:00:00,data/images/temp_20260806_082405_mango-juice.png,26.6
IMG_00594,USER_144,2026-07-11 22:35:00,data/images/Greek-cucumber-salad-3.png,25.1
IMG_00595,USER_145,2026-07-11 16:00:00,data/images/temp_20260806_080903_noodle.png,24.4
IMG_00596,USER_146,2026-07-23 14:04:00,data/images/Masala-Macroni-5.png,27.2
IMG_00597,USER_147,2026-07-08 07:37:00,data/images/temp_20260806_145200_beef_noodle.png,27.1
IMG_00598,USER_148,2026-07-11 11:15:00,data/images/temp_20260806_081856_Fruit-Salad-10.png,27.6
IMG_00599,USER_149,2026-08-06 02:40:00,data/images/temp_20260805_202329_meal_06.png,25.1
IMG_00600,USER_100,2026-07-27 13:40:00,data/images/temp_20260806_082432_strawberry-juice-recipe.png,27.1
IMG_00601,USER_101,2026-07-31 12:57:00,data/images/temp_20260805_202329_meal_07.png,25.7
IMG_00602,USER_102,2026-07-12 10:56:00,data/images/temp_20260805_203010_carrot.png,27.1
IMG_00603,USER_103,2026-07-31 03:56:00,data/images/temp_20260806_081242_Cheeseburger.png,26.3
IMG_00604,USER_104,2026-07-12 17:11:00,data/images/temp_20260805_202016_creamy-mac-n-cheese.jpg,27.5
IMG_00605,USER_105,2026-07-29 03:57:00,data/images/temp_20260806_145200_Cheeseburger.png,26.9
IMG_00606,USER_106,2026-08-03 18:39:00,data/images/temp_20260805_202357_meal_06.png,24.3
IMG_00607,USER_107,2026-08-01 09:44:00,data/images/temp_20260805_202357_meal_07.png,26.9
IMG_00608,USER_108,2026-08-04 05:22:00,data/images/temp_20260806_080848_noodle_3.png,27.4
IMG_00609,USER_109,2026-07-10 10:44:00,data/images/temp_20260805_195104_banane-apfel-was-gesuender.png,24.5
IMG_00610,USER_110,2026-07-24 11:48:00,data/images/temp_20260806_103801_burger_1.png,24.1
IMG_00611,USER_111,2026-07-19 12:57:00,data/images/temp_20260806_082156_caramel-coffee-milk-shake-1.png,24.5
IMG_00612,USER_112,2026-07-14 22:59:00,data/images/temp_20260806_081534_nRainbow-Veggie-Salad-9921.jpg,24.7
IMG_00613,USER_113,2026-07-11 02:58:00,data/images/temp_20260806_081057_noodle.png,24.2
IMG_00614,USER_114,2026-07-31 08:52:00,data/images/rice.png,24.1
IMG_00615,USER_115,2026-07-15 01:58:00,data/images/temp_20260806_094839_burger.png,24.1
IMG_00616,USER_116,2026-07-27 06:14:00,data/images/temp_20260805_201944_basmati-rice-recipe.png,27.0
IMG_00617,USER_117,2026-08-06 04:33:00,data/images/IMG_20260804_134457.jpg,26.1
IMG_00618,USER_118,2026-07-13 09:09:00,data/images/temp_20260806_105639_burger.png,26.8
IMG_00619,USER_119,2026-07-22 17:22:00,data/images/temp_20260806_082432_mango-juice.png,27.3
IMG_00620,USER_120,2026-07-20 03:09:00,data/images/temp_20260806_081241_beef_noodle.png,26.1
IMG_00621,USER_121,2026-07-29 16:53:00,data/images/temp_20260806_082431_juice.png,24.1
IMG_00622,USER_122,2026-07-16 07:15:00,data/images/temp_20260805_202454_meal_06.png,25.8
IMG_00623,USER_123,2026-07-26 16:27:00,data/images/temp_20260806_081057_chicken.png,27.6
IMG_00624,USER_124,2026-07-18 19:47:00,data/images/cucumber.png,27.6
IMG_00625,USER_125,2026-07-14 02:46:00,data/images/temp_20260806_103802_carrot.png,25.0
IMG_00626,USER_126,2026-08-01 09:24:00,data/images/temp_20260805_202454_meal_07.png,24.6
IMG_00627,USER_127,2026-07-11 15:25:00,data/images/temp_20260806_081241_burger.png,25.5
IMG_00628,USER_128,2026-07-10 16:28:00,data/images/healthy_food.png,25.6
IMG_00629,USER_129,2026-08-01 22:50:00,data/images/IMG_20260806_104355.jpg,24.4
IMG_00630,USER_130,2026-08-01 13:33:00,data/images/meal_07.png,26.5
IMG_00631,USER_131,2026-07-08 08:57:00,data/images/temp_20260805_195132_banane-apfel-was-gesuender.png,26.3
IMG_00632,USER_132,2026-07-20 02:30:00,data/images/temp_20260806_122634_creamy-mac-n-cheese.jpg,25.5
IMG_00633,USER_133,2026-07-29 11:40:00,data/images/temp_20260806_080834_noodle_3.png,27.9
IMG_00634,USER_134,2026-07-28 03:15:00,data/images/temp_20260806_094826_banane-apfel-was-gesuender.png,27.8
IMG_00635,USER_135,2026-08-04 12:08:00,data/images/temp_20260805_202004_basmati-rice-recipe.png,24.3
IMG_00636,USER_136,2026-07-14 13:34:00,data/images/temp_20260806_082405_juice.png,27.1
IMG_00637,USER_137,2026-07-11 01:54:00,data/images/banane-apfel-was-gesuender.png,27.6
IMG_00638,USER_138,2026-07-09 23:33:00,data/images/temp_20260806_114101_Cheeseburger.png,25.1
IMG_00639,USER_139,2026-08-01 01:36:00,data/images/temp_20260806_094839_banane-apfel-was-gesuender.png,24.4
IMG_00640,USER_140,2026-07-25 00:31:00,data/images/temp_20260806_082256_mango-juice.png,24.4
IMG_00641,USER_141,2026-07-09 20:08:00,data/images/duck.png,26.9
IMG_00642,USER_142,2026-08-01 23:40:00,data/images/temp_20260806_081057_duck.png,26.1
IMG_00643,USER_143,2026-07-26 00:53:00,data/images/duck.jpg,26.8
IMG_00644,USER_144,2026-08-06 10:58:00,data/images/temp_20260806_081057_duck.jpg,25.3
IMG_00645,USER_145,2026-07-25 20:11:00,data/images/French-fries-b9e3e0c.png,27.6
IMG_00646,USER_146,2026-07-09 19:42:00,data/images/temp_20260806_082406_strawberry-juice-recipe.png,26.4
IMG_00647,USER_147,2026-07-24 05:10:00,data/images/temp_20260805_202346_meal_06.png,25.6
IMG_00648,USER_148,2026-07-24 22:32:00,data/images/Cucumber-Salad-with-Vinegar-Dressing-2688-scaled.jpg,26.9
IMG_00649,USER_149,2026-07-22 00:19:00,data/images/temp_20260805_202346_meal_07.png,26.9
IMG_00650,USER_100,2026-07-11 20:03:00,data/images/temp_20260805_203011_carrot2.png,24.0
IMG_00651,USER_101,2026-07-15 21:19:00,data/images/temp_20260806_095050_burger.png,26.1
IMG_00652,USER_102,2026-07-31 02:52:00,data/images/temp_20260805_202454_healthy_food.png,25.4
IMG_00653,USER_103,2026-07-30 06:36:00,data/images/temp_20260806_145135_beef_noodle.png,27.6
IMG_00654,USER_104,2026-07-29 22:12:00,data/images/temp_20260806_113924_carrot2.png,26.8
IMG_00655,USER_105,2026-07-19 23:58:00,data/images/temp_20260805_195133_hong-kong-macaroni-soup-f3.png,26.7
IMG_00656,USER_106,2026-07-26 05:07:00,data/images/Macaroni-Thumbnail-Blog.png,24.3
IMG_00657,USER_107,2026-08-05 11:45:00,data/images/temp_20260806_082406_fresh-orange-juice-recipe.png,25.7
IMG_00658,USER_108,2026-07-28 04:24:00,data/images/temp_20260805_201854_basmati-rice-recipe.png,25.6
IMG_00659,USER_109,2026-08-03 10:00:00,data/images/temp_20260806_082432_fresh-orange-juice-recipe.png,25.7
IMG_00660,USER_110,2026-07-26 00:08:00,data/images/noodle.png,24.6
IMG_00661,USER_111,2026-07-19 09:20:00,data/images/Coconut-chicken-rice-bowl-–-basmati-rice-–-3-4-038-1540x870-PNG-1.jpg,24.0
IMG_00662,USER_112,2026-07-13 17:34:00,data/images/temp_20260806_081534_healthy-chopped-vegetable-salad-recipe-4.png,24.1
IMG_00663,USER_113,2026-08-05 19:30:00,data/images/temp_20260806_081856_fruit-salad-dressing.png,24.4
IMG_00664,USER_114,2026-07-10 16:51:00,data/images/temp_20260806_081856_tropical-fruit-salad.png,24.4
IMG_00665,USER_115,2026-07-11 22:35:00,data/images/temp_20260805_201944_Cheeseburger.png,25.8
IMG_00666,USER_116,2026-08-05 07:52:00,data/images/temp_20260806_082256_juice.png,24.4
IMG_00667,USER_117,2026-07-20 04:38:00,data/images/temp_20260806_081534_salad_11.png,24.2
IMG_00668,USER_118,2026-08-04 00:33:00,data/images/temp_20260806_081754_tropical-fruit-salad.png,24.1
IMG_00669,USER_119,2026-07-11 17:07:00,data/images/temp_20260806_081754_fruit-salad-dressing.png,24.6
IMG_00670,USER_120,2026-07-12 10:32:00,data/images/temp_20260806_103710_burger_1.png,24.2
IMG_00671,USER_121,2026-07-28 21:47:00,data/images/creamy-mac-n-cheese.jpg,27.3
IMG_00672,USER_122,2026-07-19 14:25:00,data/images/temp_20260805_202016_basmati-rice-recipe.png,24.2
IMG_00673,USER_123,2026-07-25 20:22:00,data/images/temp_20260806_082405_mango-juice.png,25.8
IMG_00674,USER_124,2026-07-31 06:25:00,data/images/Greek-cucumber-salad-3.png,26.1
IMG_00675,USER_125,2026-07-10 12:16:00,data/images/temp_20260806_080903_noodle.png,24.5
IMG_00676,USER_126,2026-07-26 19:05:00,data/images/Masala-Macroni-5.png,25.2
IMG_00677,USER_127,2026-08-03 14:07:00,data/images/temp_20260806_145200_beef_noodle.png,25.8
IMG_00678,USER_128,2026-08-01 17:59:00,data/images/temp_20260806_081856_Fruit-Salad-10.png,25.1
IMG_00679,USER_129,2026-07-14 05:43:00,data/images/temp_20260805_202329_meal_06.png,24.8
IMG_00680,USER_130,2026-07-24 07:51:00,data/images/temp_20260806_082432_strawberry-juice-recipe.png,26.2
IMG_00681,USER_131,2026-07-12 14:47:00,data/images/temp_20260805_202329_meal_07.png,24.5
IMG_00682,USER_132,2026-07-09 19:30:00,data/images/temp_20260805_203010_carrot.png,24.3
IMG_00683,USER_133,2026-07-23 03:42:00,data/images/temp_20260806_081242_Cheeseburger.png,28.0
IMG_00684,USER_134,2026-07-31 14:09:00,data/images/temp_20260805_202016_creamy-mac-n-cheese.jpg,24.3
IMG_00685,USER_135,2026-07-22 16:34:00,data/images/temp_20260806_145200_Cheeseburger.png,25.2
IMG_00686,USER_136,2026-07-18 08:00:00,data/images/temp_20260805_202357_meal_06.png,25.1
IMG_00687,USER_137,2026-08-05 17:56:00,data/images/temp_20260805_202357_meal_07.png,27.7
IMG_00688,USER_138,2026-07-08 03:19:00,data/images/temp_20260806_080848_noodle_3.png,27.0
IMG_00689,USER_139,2026-07-27 00:18:00,data/images/temp_20260805_195104_banane-apfel-was-gesuender.png,25.7
IMG_00690,USER_140,2026-07-13 02:56:00,data/images/temp_20260806_103801_burger_1.png,26.8
IMG_00691,USER_141,2026-07-11 17:25:00,data/images/temp_20260806_082156_caramel-coffee-milk-shake-1.png,27.3
IMG_00692,USER_142,2026-07-10 02:55:00,data/images/temp_20260806_081534_nRainbow-Veggie-Salad-9921.jpg,28.0
IMG_00693,USER_143,2026-07-11 23:27:00,data/images/temp_20260806_081057_noodle.png,25.6
IMG_00694,USER_144,2026-08-01 16:16:00,data/images/rice.png,27.8
IMG_00695,USER_145,2026-07-16 01:10:00,data/images/temp_20260806_094839_burger.png,26.3
IMG_00696,USER_146,2026-07-30 04:16:00,data/images/temp_20260805_201944_basmati-rice-recipe.png,27.4
IMG_00697,USER_147,2026-07-15 12:22:00,data/images/IMG_20260804_134457.jpg,27.0
IMG_00698,USER_148,2026-07-09 10:45:00,data/images/temp_20260806_105639_burger.png,25.6
IMG_00699,USER_149,2026-07-28 12:22:00,data/images/temp_20260806_082432_mango-juice.png,27.8
IMG_00700,USER_100,2026-07-15 04:16:00,data/images/temp_20260806_081241_beef_noodle.png,26.6
IMG_00701,USER_101,2026-07-29 19:02:00,data/images/temp_20260806_082431_juice.png,27.4
IMG_00702,USER_102,2026-07-16 02:47:00,data/images/temp_20260805_202454_meal_06.png,27.1
IMG_00703,USER_103,2026-07-30 20:53:00,data/images/temp_20260806_081057_chicken.png,26.6
IMG_00704,USER_104,2026-07-14 02:39:00,data/images/cucumber.png,26.9
IMG_00705,USER_105,2026-08-05 03:58:00,data/images/temp_20260806_103802_carrot.png,27.0
IMG_00706,USER_106,2026-07-24 02:12:00,data/images/temp_20260805_202454_meal_07.png,27.2
IMG_00707,USER_107,2026-07-15 08:24:00,data/images/temp_20260806_081241_burger.png,26.9
IMG_00708,USER_108,2026-07-12 22:45:00,data/images/healthy_food.png,27.9
IMG_00709,USER_109,2026-08-04 18:55:00,data/images/IMG_20260806_104355.jpg,27.8
IMG_00710,USER_110,2026-07-15 13:20:00,data/images/meal_07.png,26.2
IMG_00711,USER_111,2026-07-11 05:57:00,data/images/temp_20260805_195132_banane-apfel-was-gesuender.png,27.6
IMG_00712,USER_112,2026-07-11 19:32:00,data/images/temp_20260806_122634_creamy-mac-n-cheese.jpg,25.6
IMG_00713,USER_113,2026-07-09 23:39:00,data/images/temp_20260806_080834_noodle_3.png,25.6
IMG_00714,USER_114,2026-07-31 10:50:00,data/images/temp_20260806_094826_banane-apfel-was-gesuender.png,24.9
IMG_00715,USER_115,2026-07-12 18:26:00,data/images/temp_20260805_202004_basmati-rice-recipe.png,24.2
IMG_00716,USER_116,2026-07-24 20:25:00,data/images/temp_20260806_082405_juice.png,26.8
IMG_00717,USER_117,2026-07-09 12:06:00,data/images/banane-apfel-was-gesuender.png,25.1
IMG_00718,USER_118,2026-07-16 20:11:00,data/images/temp_20260806_114101_Cheeseburger.png,25.2
IMG_00719,USER_119,2026-07-26 06:51:00,data/images/temp_20260806_094839_banane-apfel-was-gesuender.png,24.2
IMG_00720,USER_120,2026-07-21 04:27:00,data/images/temp_20260806_082256_mango-juice.png,26.9
IMG_00721,USER_121,2026-08-01 08:15:00,data/images/duck.png,24.9
IMG_00722,USER_122,2026-07-18 02:07:00,data/images/temp_20260806_081057_duck.png,24.3
IMG_00723,USER_123,2026-07-14 00:08:00,data/images/duck.jpg,26.0
IMG_00724,USER_124,2026-07-11 13:21:00,data/images/temp_20260806_081057_duck.jpg,26.6
IMG_00725,USER_125,2026-07-12 16:01:00,data/images/French-fries-b9e3e0c.png,27.2
IMG_00726,USER_126,2026-07-10 11:03:00,data/images/temp_20260806_082406_strawberry-juice-recipe.png,25.4
IMG_00727,USER_127,2026-07-23 23:45:00,data/images/temp_20260805_202346_meal_06.png,24.7
IMG_00728,USER_128,2026-07-17 22:16:00,data/images/Cucumber-Salad-with-Vinegar-Dressing-2688-scaled.jpg,27.6
IMG_00729,USER_129,2026-07-21 14:52:00,data/images/temp_20260805_202346_meal_07.png,26.9
IMG_00730,USER_130,2026-07-27 22:55:00,data/images/temp_20260805_203011_carrot2.png,24.9
IMG_00731,USER_131,2026-07-27 17:29:00,data/images/temp_20260806_095050_burger.png,25.0
IMG_00732,USER_132,2026-07-18 07:44:00,data/images/temp_20260805_202454_healthy_food.png,26.0
IMG_00733,USER_133,2026-07-30 01:55:00,data/images/temp_20260806_145135_beef_noodle.png,26.4
IMG_00734,USER_134,2026-08-02 21:42:00,data/images/temp_20260806_113924_carrot2.png,25.4
IMG_00735,USER_135,2026-08-01 17:27:00,data/images/temp_20260805_195133_hong-kong-macaroni-soup-f3.png,26.9
IMG_00736,USER_136,2026-07-10 13:40:00,data/images/Macaroni-Thumbnail-Blog.png,27.5
IMG_00737,USER_137,2026-07-09 06:53:00,data/images/temp_20260806_082406_fresh-orange-juice-recipe.png,24.7
IMG_00738,USER_138,2026-07-11 08:39:00,data/images/temp_20260805_201854_basmati-rice-recipe.png,26.1
IMG_00739,USER_139,2026-07-31 21:40:00,data/images/temp_20260806_082432_fresh-orange-juice-recipe.png,25.4
IMG_00740,USER_140,2026-08-05 02:26:00,data/images/noodle.png,24.5
IMG_00741,USER_141,2026-07-11 00:19:00,data/images/Coconut-chicken-rice-bowl-–-basmati-rice-–-3-4-038-1540x870-PNG-1.jpg,24.7
IMG_00742,USER_142,2026-07-17 15:37:00,data/images/temp_20260806_081534_healthy-chopped-vegetable-salad-recipe-4.png,24.7
IMG_00743,USER_143,2026-08-03 23:28:00,data/images/temp_20260806_081856_fruit-salad-dressing.png,26.5
IMG_00744,USER_144,2026-07-18 03:44:00,data/images/temp_20260806_081856_tropical-fruit-salad.png,27.4
IMG_00745,USER_145,2026-07-19 00:17:00,data/images/temp_20260805_201944_Cheeseburger.png,24.4
IMG_00746,USER_146,2026-07-31 07:39:00,data/images/temp_20260806_082256_juice.png,27.7
IMG_00747,USER_147,2026-07-27 22:07:00,data/images/temp_20260806_081534_salad_11.png,27.6
IMG_00748,USER_148,2026-07-24 09:09:00,data/images/temp_20260806_081754_tropical-fruit-salad.png,25.2
IMG_00749,USER_149,2026-07-22 21:05:00,data/images/temp_20260806_081754_fruit-salad-dressing.png,24.3
IMG_00750,USER_100,2026-07-10 03:10:00,data/images/temp_20260806_103710_burger_1.png,27.9
IMG_00751,USER_101,2026-07-17 05:33:00,data/images/creamy-mac-n-cheese.jpg,24.2
IMG_00752,USER_102,2026-07-13 04:58:00,data/images/temp_20260805_202016_basmati-rice-recipe.png,24.6
IMG_00753,USER_103,2026-08-05 11:42:00,data/images/temp_20260806_082405_mango-juice.png,24.4
IMG_00754,USER_104,2026-08-02 19:46:00,data/images/Greek-cucumber-salad-3.png,24.3
IMG_00755,USER_105,2026-07-11 22:26:00,data/images/temp_20260806_080903_noodle.png,26.3
IMG_00756,USER_106,2026-07-16 11:31:00,data/images/Masala-Macroni-5.png,24.1
IMG_00757,USER_107,2026-07-09 05:36:00,data/images/temp_20260806_145200_beef_noodle.png,26.2
IMG_00758,USER_108,2026-07-13 06:10:00,data/images/temp_20260806_081856_Fruit-Salad-10.png,24.5
IMG_00759,USER_109,2026-07-29 17:00:00,data/images/temp_20260805_202329_meal_06.png,26.0
IMG_00760,USER_110,2026-07-19 21:17:00,data/images/temp_20260806_082432_strawberry-juice-recipe.png,24.3
IMG_00761,USER_111,2026-07-11 03:56:00,data/images/temp_20260805_202329_meal_07.png,27.6
IMG_00762,USER_112,2026-07-10 04:07:00,data/images/temp_20260805_203010_carrot.png,26.2
IMG_00763,USER_113,2026-08-04 18:43:00,data/images/temp_20260806_081242_Cheeseburger.png,27.9
IMG_00764,USER_114,2026-08-05 17:32:00,data/images/temp_20260805_202016_creamy-mac-n-cheese.jpg,25.7
IMG_00765,USER_115,2026-08-05 03:48:00,data/images/temp_20260806_145200_Cheeseburger.png,25.4
IMG_00766,USER_116,2026-07-10 10:50:00,data/images/temp_20260805_202357_meal_06.png,27.9
IMG_00767,USER_117,2026-08-02 03:06:00,data/images/temp_20260805_202357_meal_07.png,27.6
IMG_00768,USER_118,2026-07-24 12:49:00,data/images/temp_20260806_080848_noodle_3.png,25.1
IMG_00769,USER_119,2026-07-08 11:29:00,data/images/temp_20260805_195104_banane-apfel-was-gesuender.png,26.6
IMG_00770,USER_120,2026-08-05 08:41:00,data/images/temp_20260806_103801_burger_1.png,27.2
IMG_00771,USER_121,2026-07-14 13:06:00,data/images/temp_20260806_082156_caramel-coffee-milk-shake-1.png,26.0
IMG_00772,USER_122,2026-07-24 00:32:00,data/images/temp_20260806_081534_nRainbow-Veggie-Salad-9921.jpg,25.8
IMG_00773,USER_123,2026-07-13 19:03:00,data/images/temp_20260806_081057_noodle.png,26.3
IMG_00774,USER_124,2026-07-16 21:48:00,data/images/rice.png,25.2
IMG_00775,USER_125,2026-07-30 08:38:00,data/images/temp_20260806_094839_burger.png,24.5
IMG_00776,USER_126,2026-07-25 08:03:00,data/images/temp_20260805_201944_basmati-rice-recipe.png,25.4
IMG_00777,USER_127,2026-07-27 16:48:00,data/images/IMG_20260804_134457.jpg,26.6
IMG_00778,USER_128,2026-07-19 10:43:00,data/images/temp_20260806_105639_burger.png,24.1
IMG_00779,USER_129,2026-08-03 07:10:00,data/images/temp_20260806_082432_mango-juice.png,26.5
IMG_00780,USER_130,2026-08-02 04:14:00,data/images/temp_20260806_081241_beef_noodle.png,25.0
IMG_00781,USER_131,2026-07-23 12:51:00,data/images/temp_20260806_082431_juice.png,24.1
IMG_00782,USER_132,2026-08-01 07:10:00,data/images/temp_20260805_202454_meal_06.png,26.1
IMG_00783,USER_133,2026-07-16 21:32:00,data/images/temp_20260806_081057_chicken.png,24.1
IMG_00784,USER_134,2026-07-31 08:13:00,data/images/cucumber.png,27.6
IMG_00785,USER_135,2026-07-31 01:47:00,data/images/temp_20260806_103802_carrot.png,25.6
IMG_00786,USER_136,2026-07-08 01:57:00,data/images/temp_20260805_202454_meal_07.png,24.3
IMG_00787,USER_137,2026-08-01 17:37:00,data/images/temp_20260806_081241_burger.png,25.7
IMG_00788,USER_138,2026-07-15 09:48:00,data/images/healthy_food.png,26.1
IMG_00789,USER_139,2026-07-21 13:52:00,data/images/IMG_20260806_104355.jpg,27.1
IMG_00790,USER_140,2026-07-30 23:42:00,data/images/meal_07.png,25.6
IMG_00791,USER_141,2026-08-01 20:54:00,data/images/temp_20260805_195132_banane-apfel-was-gesuender.png,27.5
IMG_00792,USER_142,2026-07-27 23:39:00,data/images/temp_20260806_122634_creamy-mac-n-cheese.jpg,24.2
IMG_00793,USER_143,2026-07-20 05:24:00,data/images/temp_20260806_080834_noodle_3.png,25.1
IMG_00794,USER_144,2026-08-06 07:54:00,data/images/temp_20260806_094826_banane-apfel-was-gesuender.png,27.8
IMG_00795,USER_145,2026-07-29 08:47:00,data/images/temp_20260805_202004_basmati-rice-recipe.png,27.6
IMG_00796,USER_146,2026-07-29 11:42:00,data/images/temp_20260806_082405_juice.png,27.6
IMG_00797,USER_147,2026-07-15 05:42:00,data/images/banane-apfel-was-gesuender.png,24.1
IMG_00798,USER_148,2026-07-28 05:25:00,data/images/temp_20260806_114101_Cheeseburger.png,26.5
IMG_00799,USER_149,2026-07-17 20:30:00,data/images/temp_20260806_094839_banane-apfel-was-gesuender.png,25.5
IMG_00800,USER_100,2026-07-21 18:38:00,data/images/temp_20260806_082256_mango-juice.png,27.6
IMG_00801,USER_101,2026-07-10 20:15:00,data/images/duck.png,24.5
IMG_00802,USER_102,2026-07-26 22:26:00,data/images/temp_20260806_081057_duck.png,26.6
IMG_00803,USER_103,2026-07-24 21:05:00,data/images/duck.jpg,24.9
IMG_00804,USER_104,2026-07-21 18:21:00,data/images/temp_20260806_081057_duck.jpg,27.2
IMG_00805,USER_105,2026-07-17 09:56:00,data/images/French-fries-b9e3e0c.png,24.1
IMG_00806,USER_106,2026-07-22 18:29:00,data/images/temp_20260806_082406_strawberry-juice-recipe.png,25.8
IMG_00807,USER_107,2026-07-16 07:53:00,data/images/temp_20260805_202346_meal_06.png,26.4
IMG_00808,USER_108,2026-07-22 22:09:00,data/images/Cucumber-Salad-with-Vinegar-Dressing-2688-scaled.jpg,25.9
IMG_00809,USER_109,2026-07-17 15:21:00,data/images/temp_20260805_202346_meal_07.png,26.7
IMG_00810,USER_110,2026-08-03 22:49:00,data/images/temp_20260805_203011_carrot2.png,25.4
IMG_00811,USER_111,2026-07-30 23:52:00,data/images/temp_20260806_095050_burger.png,26.8
IMG_00812,USER_112,2026-08-03 12:12:00,data/images/temp_20260805_202454_healthy_food.png,24.6
IMG_00813,USER_113,2026-07-13 03:05:00,data/images/temp_20260806_145135_beef_noodle.png,24.7
IMG_00814,USER_114,2026-08-04 02:55:00,data/images/temp_20260806_113924_carrot2.png,26.8
IMG_00815,USER_115,2026-07-10 11:34:00,data/images/temp_20260805_195133_hong-kong-macaroni-soup-f3.png,24.9
IMG_00816,USER_116,2026-07-25 07:35:00,data/images/Macaroni-Thumbnail-Blog.png,25.9
IMG_00817,USER_117,2026-07-22 16:25:00,data/images/temp_20260806_082406_fresh-orange-juice-recipe.png,26.5
IMG_00818,USER_118,2026-08-01 16:42:00,data/images/temp_20260805_201854_basmati-rice-recipe.png,26.3
IMG_00819,USER_119,2026-07-18 17:41:00,data/images/temp_20260806_082432_fresh-orange-juice-recipe.png,24.1
IMG_00820,USER_120,2026-07-20 05:33:00,data/images/noodle.png,24.5
IMG_00821,USER_121,2026-07-30 10:16:00,data/images/Coconut-chicken-rice-bowl-–-basmati-rice-–-3-4-038-1540x870-PNG-1.jpg,24.1
IMG_00822,USER_122,2026-07-21 18:34:00,data/images/temp_20260806_081534_healthy-chopped-vegetable-salad-recipe-4.png,25.0
IMG_00823,USER_123,2026-07-17 18:47:00,data/images/temp_20260806_081856_fruit-salad-dressing.png,25.6
IMG_00824,USER_124,2026-07-27 22:46:00,data/images/temp_20260806_081856_tropical-fruit-salad.png,25.9
IMG_00825,USER_125,2026-08-04 07:42:00,data/images/temp_20260805_201944_Cheeseburger.png,24.4
IMG_00826,USER_126,2026-07-13 13:32:00,data/images/temp_20260806_082256_juice.png,25.6
IMG_00827,USER_127,2026-07-09 21:19:00,data/images/temp_20260806_081534_salad_11.png,26.3
IMG_00828,USER_128,2026-08-01 19:40:00,data/images/temp_20260806_081754_tropical-fruit-salad.png,28.0
IMG_00829,USER_129,2026-07-29 21:27:00,data/images/temp_20260806_081754_fruit-salad-dressing.png,26.4
IMG_00830,USER_130,2026-07-18 17:18:00,data/images/temp_20260806_103710_burger_1.png,26.6
IMG_00831,USER_131,2026-07-18 08:12:00,data/images/creamy-mac-n-cheese.jpg,26.2
IMG_00832,USER_132,2026-07-13 14:28:00,data/images/temp_20260805_202016_basmati-rice-recipe.png,26.6
IMG_00833,USER_133,2026-07-25 07:08:00,data/images/temp_20260806_082405_mango-juice.png,27.2
IMG_00834,USER_134,2026-07-13 21:39:00,data/images/Greek-cucumber-salad-3.png,26.9
IMG_00835,USER_135,2026-07-21 23:05:00,data/images/temp_20260806_080903_noodle.png,26.4
IMG_00836,USER_136,2026-07-16 01:18:00,data/images/Masala-Macroni-5.png,27.5
IMG_00837,USER_137,2026-07-08 12:47:00,data/images/temp_20260806_145200_beef_noodle.png,24.5
IMG_00838,USER_138,2026-07-23 21:24:00,data/images/temp_20260806_081856_Fruit-Salad-10.png,26.1
IMG_00839,USER_139,2026-08-02 12:46:00,data/images/temp_20260805_202329_meal_06.png,25.9
IMG_00840,USER_140,2026-07-16 17:40:00,data/images/temp_20260806_082432_strawberry-juice-recipe.png,26.2
IMG_00841,USER_141,2026-07-23 18:24:00,data/images/temp_20260805_202329_meal_07.png,26.1
IMG_00842,USER_142,2026-07-14 10:15:00,data/images/temp_20260805_203010_carrot.png,25.3
IMG_00843,USER_143,2026-08-04 13:52:00,data/images/temp_20260806_081242_Cheeseburger.png,25.4
IMG_00844,USER_144,2026-07-26 04:44:00,data/images/temp_20260805_202016_creamy-mac-n-cheese.jpg,25.4
IMG_00845,USER_145,2026-07-26 05:58:00,data/images/temp_20260806_145200_Cheeseburger.png,25.2
IMG_00846,USER_146,2026-07-23 21:19:00,data/images/temp_20260805_202357_meal_06.png,24.4
IMG_00847,USER_147,2026-07-10 14:25:00,data/images/temp_20260805_202357_meal_07.png,24.2
IMG_00848,USER_148,2026-07-09 17:43:00,data/images/temp_20260806_080848_noodle_3.png,25.7
IMG_00849,USER_149,2026-07-11 02:12:00,data/images/temp_20260805_195104_banane-apfel-was-gesuender.png,27.9
IMG_00850,USER_100,2026-08-05 14:55:00,data/images/temp_20260806_103801_burger_1.png,24.4
IMG_00851,USER_101,2026-07-24 02:59:00,data/images/temp_20260806_082156_caramel-coffee-milk-shake-1.png,25.5
IMG_00852,USER_102,2026-07-14 06:31:00,data/images/temp_20260806_081534_nRainbow-Veggie-Salad-9921.jpg,26.5
IMG_00853,USER_103,2026-07-28 02:26:00,data/images/temp_20260806_081057_noodle.png,28.0
IMG_00854,USER_104,2026-07-27 04:46:00,data/images/rice.png,27.1
IMG_00855,USER_105,2026-08-02 23:33:00,data/images/temp_20260806_094839_burger.png,26.6
IMG_00856,USER_106,2026-08-05 17:29:00,data/images/temp_20260805_201944_basmati-rice-recipe.png,25.2
IMG_00857,USER_107,2026-08-01 02:32:00,data/images/IMG_20260804_134457.jpg,24.5
IMG_00858,USER_108,2026-07-14 21:47:00,data/images/temp_20260806_105639_burger.png,26.7
IMG_00859,USER_109,2026-07-21 21:05:00,data/images/temp_20260806_082432_mango-juice.png,25.8
IMG_00860,USER_110,2026-08-03 16:47:00,data/images/temp_20260806_081241_beef_noodle.png,26.3
IMG_00861,USER_111,2026-07-14 03:41:00,data/images/temp_20260806_082431_juice.png,26.3
IMG_00862,USER_112,2026-07-24 09:28:00,data/images/temp_20260805_202454_meal_06.png,25.3
IMG_00863,USER_113,2026-07-11 22:19:00,data/images/temp_20260806_081057_chicken.png,27.8
IMG_00864,USER_114,2026-07-24 02:26:00,data/images/cucumber.png,25.9
IMG_00865,USER_115,2026-07-31 09:13:00,data/images/temp_20260806_103802_carrot.png,27.2
IMG_00866,USER_116,2026-07-19 21:04:00,data/images/temp_20260805_202454_meal_07.png,26.7
IMG_00867,USER_117,2026-07-18 14:31:00,data/images/temp_20260806_081241_burger.png,24.6
IMG_00868,USER_118,2026-08-03 06:23:00,data/images/healthy_food.png,24.5
IMG_00869,USER_119,2026-07-14 18:43:00,data/images/IMG_20260806_104355.jpg,26.8
IMG_00870,USER_120,2026-07-14 18:40:00,data/images/meal_07.png,26.8
IMG_00871,USER_121,2026-08-04 05:04:00,data/images/temp_20260805_195132_banane-apfel-was-gesuender.png,26.3
IMG_00872,USER_122,2026-07-20 19:47:00,data/images/temp_20260806_122634_creamy-mac-n-cheese.jpg,25.9
IMG_00873,USER_123,2026-08-01 03:03:00,data/images/temp_20260806_080834_noodle_3.png,27.1
IMG_00874,USER_124,2026-07-12 02:39:00,data/images/temp_20260806_094826_banane-apfel-was-gesuender.png,25.0
IMG_00875,USER_125,2026-07-10 03:59:00,data/images/temp_20260805_202004_basmati-rice-recipe.png,26.3
IMG_00876,USER_126,2026-07-22 06:16:00,data/images/temp_20260806_082405_juice.png,26.7
IMG_00877,USER_127,2026-08-06 06:54:00,data/images/banane-apfel-was-gesuender.png,24.4
IMG_00878,USER_128,2026-07-08 08:27:00,data/images/temp_20260806_114101_Cheeseburger.png,27.4
IMG_00879,USER_129,2026-07-29 13:26:00,data/images/temp_20260806_094839_banane-apfel-was-gesuender.png,27.4
IMG_00880,USER_130,2026-07-30 08:39:00,data/images/temp_20260806_082256_mango-juice.png,24.1
IMG_00881,USER_131,2026-07-21 12:33:00,data/images/duck.png,24.4
IMG_00882,USER_132,2026-08-02 09:58:00,data/images/temp_20260806_081057_duck.png,26.3
IMG_00883,USER_133,2026-07-24 09:36:00,data/images/duck.jpg,26.2
IMG_00884,USER_134,2026-07-18 10:21:00,data/images/temp_20260806_081057_duck.jpg,27.9
IMG_00885,USER_135,2026-07-20 16:40:00,data/images/French-fries-b9e3e0c.png,25.3
IMG_00886,USER_136,2026-07-13 00:27:00,data/images/temp_20260806_082406_strawberry-juice-recipe.png,25.2
IMG_00887,USER_137,2026-08-02 05:53:00,data/images/temp_20260805_202346_meal_06.png,27.7
IMG_00888,USER_138,2026-08-04 00:46:00,data/images/Cucumber-Salad-with-Vinegar-Dressing-2688-scaled.jpg,27.5
IMG_00889,USER_139,2026-07-23 01:11:00,data/images/temp_20260805_202346_meal_07.png,25.3
IMG_00890,USER_140,2026-08-06 08:47:00,data/images/temp_20260805_203011_carrot2.png,26.2
IMG_00891,USER_141,2026-07-19 06:04:00,data/images/temp_20260806_095050_burger.png,25.6
IMG_00892,USER_142,2026-07-19 02:20:00,data/images/temp_20260805_202454_healthy_food.png,26.6
IMG_00893,USER_143,2026-07-25 17:13:00,data/images/temp_20260806_145135_beef_noodle.png,26.6
IMG_00894,USER_144,2026-07-26 18:49:00,data/images/temp_20260806_113924_carrot2.png,24.6
IMG_00895,USER_145,2026-07-20 04:35:00,data/images/temp_20260805_195133_hong-kong-macaroni-soup-f3.png,28.0
IMG_00896,USER_146,2026-07-29 00:12:00,data/images/Macaroni-Thumbnail-Blog.png,26.6
IMG_00897,USER_147,2026-07-29 06:57:00,data/images/temp_20260806_082406_fresh-orange-juice-recipe.png,27.4
IMG_00898,USER_148,2026-07-08 10:19:00,data/images/temp_20260805_201854_basmati-rice-recipe.png,26.3
IMG_00899,USER_149,2026-07-29 19:00:00,data/images/temp_20260806_082432_fresh-orange-juice-recipe.png,26.1
IMG_00900,USER_100,2026-08-04 09:37:00,data/images/noodle.png,27.5
IMG_00901,USER_101,2026-07-10 07:52:00,data/images/Coconut-chicken-rice-bowl-–-basmati-rice-–-3-4-038-1540x870-PNG-1.jpg,24.2
IMG_00902,USER_102,2026-08-01 12:07:00,data/images/temp_20260806_081534_healthy-chopped-vegetable-salad-recipe-4.png,24.2
IMG_00903,USER_103,2026-08-02 01:08:00,data/images/temp_20260806_081856_fruit-salad-dressing.png,24.6
IMG_00904,USER_104,2026-07-28 14:16:00,data/images/temp_20260806_081856_tropical-fruit-salad.png,26.0
IMG_00905,USER_105,2026-07-28 02:15:00,data/images/temp_20260805_201944_Cheeseburger.png,25.1
IMG_00906,USER_106,2026-07-18 06:18:00,data/images/temp_20260806_082256_juice.png,24.8
IMG_00907,USER_107,2026-07-25 03:37:00,data/images/temp_20260806_081534_salad_11.png,26.4
IMG_00908,USER_108,2026-07-19 11:57:00,data/images/temp_20260806_081754_tropical-fruit-salad.png,24.8
IMG_00909,USER_109,2026-07-17 09:05:00,data/images/temp_20260806_081754_fruit-salad-dressing.png,26.0
IMG_00910,USER_110,2026-07-14 12:30:00,data/images/temp_20260806_103710_burger_1.png,26.8
IMG_00911,USER_111,2026-07-28 03:39:00,data/images/creamy-mac-n-cheese.jpg,25.0
IMG_00912,USER_112,2026-07-21 22:26:00,data/images/temp_20260805_202016_basmati-rice-recipe.png,27.8
IMG_00913,USER_113,2026-07-15 05:49:00,data/images/temp_20260806_082405_mango-juice.png,26.9
IMG_00914,USER_114,2026-07-25 02:45:00,data/images/Greek-cucumber-salad-3.png,25.4
IMG_00915,USER_115,2026-07-25 14:49:00,data/images/temp_20260806_080903_noodle.png,25.9
IMG_00916,USER_116,2026-07-13 16:34:00,data/images/Masala-Macroni-5.png,26.9
IMG_00917,USER_117,2026-08-06 08:10:00,data/images/temp_20260806_145200_beef_noodle.png,24.5
IMG_00918,USER_118,2026-07-11 05:36:00,data/images/temp_20260806_081856_Fruit-Salad-10.png,25.0
IMG_00919,USER_119,2026-07-17 23:29:00,data/images/temp_20260805_202329_meal_06.png,24.6
IMG_00920,USER_120,2026-07-15 21:00:00,data/images/temp_20260806_082432_strawberry-juice-recipe.png,24.6
IMG_00921,USER_121,2026-07-19 19:20:00,data/images/temp_20260805_202329_meal_07.png,24.4
IMG_00922,USER_122,2026-07-20 17:39:00,data/images/temp_20260805_203010_carrot.png,27.5
IMG_00923,USER_123,2026-08-04 09:58:00,data/images/temp_20260806_081242_Cheeseburger.png,26.3
IMG_00924,USER_124,2026-08-06 02:27:00,data/images/temp_20260805_202016_creamy-mac-n-cheese.jpg,26.2
IMG_00925,USER_125,2026-08-05 02:35:00,data/images/temp_20260806_145200_Cheeseburger.png,25.9
IMG_00926,USER_126,2026-08-02 03:11:00,data/images/temp_20260805_202357_meal_06.png,26.5
IMG_00927,USER_127,2026-07-07 16:40:00,data/images/temp_20260805_202357_meal_07.png,25.2
IMG_00928,USER_128,2026-07-13 08:59:00,data/images/temp_20260806_080848_noodle_3.png,24.4
IMG_00929,USER_129,2026-08-06 05:46:00,data/images/temp_20260805_195104_banane-apfel-was-gesuender.png,25.9
IMG_00930,USER_130,2026-07-19 23:02:00,data/images/temp_20260806_103801_burger_1.png,26.3
IMG_00931,USER_131,2026-07-18 22:42:00,data/images/temp_20260806_082156_caramel-coffee-milk-shake-1.png,25.6
IMG_00932,USER_132,2026-07-08 07:15:00,data/images/temp_20260806_081534_nRainbow-Veggie-Salad-9921.jpg,26.2
IMG_00933,USER_133,2026-07-16 03:10:00,data/images/temp_20260806_081057_noodle.png,26.6
IMG_00934,USER_134,2026-07-21 05:58:00,data/images/rice.png,27.3
IMG_00935,USER_135,2026-07-29 06:30:00,data/images/temp_20260806_094839_burger.png,24.8
IMG_00936,USER_136,2026-07-17 08:21:00,data/images/temp_20260805_201944_basmati-rice-recipe.png,25.3
IMG_00937,USER_137,2026-07-10 13:11:00,data/images/IMG_20260804_134457.jpg,26.8
IMG_00938,USER_138,2026-07-24 08:24:00,data/images/temp_20260806_105639_burger.png,26.5
IMG_00939,USER_139,2026-08-02 22:24:00,data/images/temp_20260806_082432_mango-juice.png,24.7
IMG_00940,USER_140,2026-08-01 23:36:00,data/images/temp_20260806_081241_beef_noodle.png,24.2
IMG_00941,USER_141,2026-07-12 21:48:00,data/images/temp_20260806_082431_juice.png,25.5
IMG_00942,USER_142,2026-07-20 11:11:00,data/images/temp_20260805_202454_meal_06.png,24.6
IMG_00943,USER_143,2026-07-29 12:40:00,data/images/temp_20260806_081057_chicken.png,27.0
IMG_00944,USER_144,2026-07-12 04:13:00,data/images/cucumber.png,25.5
IMG_00945,USER_145,2026-07-09 19:58:00,data/images/temp_20260806_103802_carrot.png,26.4
IMG_00946,USER_146,2026-07-20 22:52:00,data/images/temp_20260805_202454_meal_07.png,24.8
IMG_00947,USER_147,2026-07-23 04:37:00,data/images/temp_20260806_081241_burger.png,27.7
IMG_00948,USER_148,2026-07-30 04:42:00,data/images/healthy_food.png,27.8
IMG_00949,USER_149,2026-07-23 19:07:00,data/images/IMG_20260806_104355.jpg,27.7
IMG_00950,USER_100,2026-07-09 14:40:00,data/images/meal_07.png,27.9
IMG_00951,USER_101,2026-07-13 20:41:00,data/images/temp_20260805_195132_banane-apfel-was-gesuender.png,27.0
IMG_00952,USER_102,2026-07-16 00:08:00,data/images/temp_20260806_122634_creamy-mac-n-cheese.jpg,24.1
IMG_00953,USER_103,2026-07-07 19:53:00,data/images/temp_20260806_080834_noodle_3.png,26.6
IMG_00954,USER_104,2026-07-18 12:50:00,data/images/temp_20260806_094826_banane-apfel-was-gesuender.png,27.3
IMG_00955,USER_105,2026-07-31 09:25:00,data/images/temp_20260805_202004_basmati-rice-recipe.png,27.6
IMG_00956,USER_106,2026-07-22 02:45:00,data/images/temp_20260806_082405_juice.png,25.8
IMG_00957,USER_107,2026-07-31 15:16:00,data/images/banane-apfel-was-gesuender.png,26.3
IMG_00958,USER_108,2026-07-28 15:47:00,data/images/temp_20260806_114101_Cheeseburger.png,27.3
IMG_00959,USER_109,2026-07-15 04:39:00,data/images/temp_20260806_094839_banane-apfel-was-gesuender.png,27.6
IMG_00960,USER_110,2026-07-08 12:50:00,data/images/temp_20260806_082256_mango-juice.png,26.8
IMG_00961,USER_111,2026-07-18 03:52:00,data/images/duck.png,27.0
IMG_00962,USER_112,2026-08-02 12:02:00,data/images/temp_20260806_081057_duck.png,27.5
IMG_00963,USER_113,2026-07-26 11:56:00,data/images/duck.jpg,26.1
IMG_00964,USER_114,2026-07-30 07:37:00,data/images/temp_20260806_081057_duck.jpg,26.4
IMG_00965,USER_115,2026-07-09 18:21:00,data/images/French-fries-b9e3e0c.png,27.8
IMG_00966,USER_116,2026-07-20 04:40:00,data/images/temp_20260806_082406_strawberry-juice-recipe.png,26.3
IMG_00967,USER_117,2026-07-23 17:59:00,data/images/temp_20260805_202346_meal_06.png,25.5
IMG_00968,USER_118,2026-07-09 04:21:00,data/images/Cucumber-Salad-with-Vinegar-Dressing-2688-scaled.jpg,25.2
IMG_00969,USER_119,2026-07-10 02:04:00,data/images/temp_20260805_202346_meal_07.png,24.7
IMG_00970,USER_120,2026-07-25 08:38:00,data/images/temp_20260805_203011_carrot2.png,25.0
IMG_00971,USER_121,2026-07-29 10:58:00,data/images/temp_20260806_095050_burger.png,25.9
IMG_00972,USER_122,2026-07-18 19:35:00,data/images/temp_20260805_202454_healthy_food.png,25.5
IMG_00973,USER_123,2026-07-24 02:46:00,data/images/temp_20260806_145135_beef_noodle.png,27.7
IMG_00974,USER_124,2026-07-23 14:16:00,data/images/temp_20260806_113924_carrot2.png,24.7
IMG_00975,USER_125,2026-07-09 17:33:00,data/images/temp_20260805_195133_hong-kong-macaroni-soup-f3.png,24.6
IMG_00976,USER_126,2026-07-20 09:15:00,data/images/Macaroni-Thumbnail-Blog.png,25.7
IMG_00977,USER_127,2026-07-24 05:19:00,data/images/temp_20260806_082406_fresh-orange-juice-recipe.png,27.9
IMG_00978,USER_128,2026-07-09 03:46:00,data/images/temp_20260805_201854_basmati-rice-recipe.png,26.9
IMG_00979,USER_129,2026-07-27 15:31:00,data/images/temp_20260806_082432_fresh-orange-juice-recipe.png,24.1
IMG_00980,USER_130,2026-07-14 03:43:00,data/images/noodle.png,28.0
IMG_00981,USER_131,2026-07-08 17:31:00,data/images/Coconut-chicken-rice-bowl-–-basmati-rice-–-3-4-038-1540x870-PNG-1.jpg,27.2
IMG_00982,USER_132,2026-07-09 04:37:00,data/images/temp_20260806_081534_healthy-chopped-vegetable-salad-recipe-4.png,25.2
IMG_00983,USER_133,2026-08-03 18:22:00,data/images/temp_20260806_081856_fruit-salad-dressing.png,27.2
IMG_00984,USER_134,2026-07-14 09:08:00,data/images/temp_20260806_081856_tropical-fruit-salad.png,24.2
IMG_00985,USER_135,2026-07-08 10:44:00,data/images/temp_20260805_201944_Cheeseburger.png,26.6
IMG_00986,USER_136,2026-07-11 09:10:00,data/images/temp_20260806_082256_juice.png,27.7
IMG_00987,USER_137,2026-07-07 17:00:00,data/images/temp_20260806_081534_salad_11.png,25.4
IMG_00988,USER_138,2026-07-31 01:45:00,data/images/temp_20260806_081754_tropical-fruit-salad.png,27.1
IMG_00989,USER_139,2026-07-15 00:25:00,data/images/temp_20260806_081754_fruit-salad-dressing.png,25.9
IMG_00990,USER_140,2026-08-05 04:14:00,data/images/temp_20260806_103710_burger_1.png,26.0
IMG_00991,USER_141,2026-07-26 04:58:00,data/images/creamy-mac-n-cheese.jpg,26.1
IMG_00992,USER_142,2026-07-20 02:44:00,data/images/temp_20260805_202016_basmati-rice-recipe.png,25.6
IMG_00993,USER_143,2026-07-07 19:46:00,data/images/temp_20260806_082405_mango-juice.png,25.2
IMG_00994,USER_144,2026-07-25 16:49:00,data/images/Greek-cucumber-salad-3.png,25.3
IMG_00995,USER_145,2026-07-10 11:29:00,data/images/temp_20260806_080903_noodle.png,25.0
IMG_00996,USER_146,2026-07-13 10:19:00,data/images/Masala-Macroni-5.png,26.2
IMG_00997,USER_147,2026-07-20 05:49:00,data/images/temp_20260806_145200_beef_noodle.png,25.4
IMG_00998,USER_148,2026-07-29 10:36:00,data/images/temp_20260806_081856_Fruit-Salad-10.png,26.9
IMG_00999,USER_149,2026-07-24 19:24:00,data/images/temp_20260805_202329_meal_06.png,24.4
IMG_01000,USER_100,2026-07-08 02:41:00,data/images/temp_20260806_082432_strawberry-juice-recipe.png,27.8
